-- phpMyAdmin SQL Dump
-- version 4.8.3
-- https://www.phpmyadmin.net/
--
-- Host: localhost:3306
-- Generation Time: 31-Jan-2020 às 10:09
-- Versão do servidor: 5.6.41-84.1
-- versão do PHP: 7.2.7

SET SQL_MODE = "NO_AUTO_VALUE_ON_ZERO";
SET AUTOCOMMIT = 0;
START TRANSACTION;
SET time_zone = "+00:00";


/*!40101 SET @OLD_CHARACTER_SET_CLIENT=@@CHARACTER_SET_CLIENT */;
/*!40101 SET @OLD_CHARACTER_SET_RESULTS=@@CHARACTER_SET_RESULTS */;
/*!40101 SET @OLD_COLLATION_CONNECTION=@@COLLATION_CONNECTION */;
/*!40101 SET NAMES utf8mb4 */;

--
-- Database: `aptii251_engeagropat`
--

-- --------------------------------------------------------

--
-- Estrutura da tabela `companies`
--

CREATE TABLE `companies` (
  `id` bigint(20) UNSIGNED NOT NULL,
  `name` varchar(100) COLLATE utf8_unicode_ci NOT NULL,
  `description` text COLLATE utf8_unicode_ci,
  `status` enum('0','1') COLLATE utf8_unicode_ci NOT NULL DEFAULT '1',
  `created_at` datetime NOT NULL,
  `updated_at` datetime NOT NULL
) ENGINE=MyISAM DEFAULT CHARSET=utf8 COLLATE=utf8_unicode_ci;

--
-- Extraindo dados da tabela `companies`
--

INSERT INTO `companies` (`id`, `name`, `description`, `status`, `created_at`, `updated_at`) VALUES
(3, 'ALCOPAN  POCONÉ', '', '1', '2018-11-19 07:48:01', '2018-11-26 18:19:26'),
(4, 'ALCOPAN - VARZEA GRANDE', '', '1', '2018-11-21 11:25:16', '2018-11-26 18:18:44');

-- --------------------------------------------------------

--
-- Estrutura da tabela `groups`
--

CREATE TABLE `groups` (
  `id` int(11) UNSIGNED NOT NULL,
  `title` varchar(200) COLLATE utf8_unicode_ci NOT NULL,
  `description` text COLLATE utf8_unicode_ci,
  `status` enum('0','1') COLLATE utf8_unicode_ci NOT NULL DEFAULT '1',
  `created_at` datetime NOT NULL,
  `updated_at` datetime NOT NULL
) ENGINE=MyISAM DEFAULT CHARSET=utf8 COLLATE=utf8_unicode_ci;

--
-- Extraindo dados da tabela `groups`
--

INSERT INTO `groups` (`id`, `title`, `description`, `status`, `created_at`, `updated_at`) VALUES
(10, 'MOVEIS', '', '1', '2018-11-22 09:57:31', '2018-11-22 09:57:31'),
(2, 'MAQUINA', '', '1', '2018-11-12 07:12:29', '2018-11-24 06:06:21'),
(8, 'IMPLEMENTOS', '', '1', '2018-11-21 14:42:55', '2018-11-21 14:42:55'),
(9, 'EQUIPAMENTOS', '', '1', '2018-11-22 07:10:09', '2018-11-22 07:10:09'),
(6, 'MAQUINAS USINAS', '', '1', '2018-11-19 07:45:08', '2018-11-19 07:45:08'),
(7, 'VEICULOS', '', '1', '2018-11-21 12:01:12', '2018-11-21 12:01:12'),
(11, 'USINA', '', '1', '2018-11-22 13:00:08', '2018-11-22 13:00:08'),
(12, 'SALA', '', '1', '2018-11-22 13:47:57', '2018-11-22 13:47:57'),
(13, 'ALOJAMENTO', '', '1', '2018-11-22 13:48:18', '2018-11-22 13:48:18'),
(14, 'CASA SEDE', '', '1', '2018-11-22 13:48:46', '2018-11-22 13:48:46'),
(15, 'COZINHA REFEITORIO', '', '1', '2018-11-22 13:49:13', '2018-11-22 13:49:13'),
(16, 'ALMOXARIFADO', '', '1', '2018-11-22 13:49:42', '2018-11-22 13:49:42'),
(17, 'LABORATORIO USINA', '', '1', '2018-11-23 06:05:58', '2018-11-23 06:05:58'),
(18, 'REFEITORIO', '', '1', '2018-11-23 15:14:23', '2018-11-23 15:14:23'),
(19, 'ALOJAMENTO', '', '1', '2018-11-23 17:39:01', '2018-11-23 17:39:01'),
(20, 'ESCRITORIO', '', '1', '2018-11-24 06:05:18', '2018-11-24 06:06:50'),
(21, 'CHAPEU DE PALHA', '', '1', '2018-11-24 06:11:08', '2018-11-24 06:11:08'),
(22, 'TRATEX', '', '1', '2018-11-24 10:05:16', '2018-11-24 10:05:16');

-- --------------------------------------------------------

--
-- Estrutura da tabela `products`
--

CREATE TABLE `products` (
  `id` bigint(20) UNSIGNED NOT NULL,
  `companies_id` bigint(20) UNSIGNED NOT NULL,
  `groups_id` int(11) UNSIGNED DEFAULT NULL,
  `title` varchar(200) COLLATE utf8_unicode_ci NOT NULL,
  `description` text COLLATE utf8_unicode_ci,
  `tag` varchar(50) COLLATE utf8_unicode_ci DEFAULT NULL,
  `model` varchar(200) COLLATE utf8_unicode_ci DEFAULT NULL,
  `situation` enum('0','1') COLLATE utf8_unicode_ci DEFAULT NULL,
  `status` enum('0','1') COLLATE utf8_unicode_ci NOT NULL DEFAULT '1',
  `price` decimal(10,2) DEFAULT NULL,
  `evaluation` decimal(10,2) DEFAULT NULL,
  `observation` text COLLATE utf8_unicode_ci,
  `img_path` varchar(255) COLLATE utf8_unicode_ci DEFAULT NULL,
  `created_at` datetime NOT NULL,
  `updated_at` datetime NOT NULL
) ENGINE=MyISAM DEFAULT CHARSET=utf8 COLLATE=utf8_unicode_ci;

--
-- Extraindo dados da tabela `products`
--

INSERT INTO `products` (`id`, `companies_id`, `groups_id`, `title`, `description`, `tag`, `model`, `situation`, `status`, `price`, `evaluation`, `observation`, `img_path`, `created_at`, `updated_at`) VALUES
(1, 1, 1, 'Pia de banheiro', 'pia', '1', 'pia modelo x', '1', '1', '0.00', '0.00', NULL, '15420282965be97c084a776.jpeg', '2018-11-12 07:11:36', '2018-11-12 07:12:01'),
(2, 2, 3, 'Teste de produtos', 'teste', '1', 'teste', '1', '1', '400.00', '100.00', 'teste de obs', '15421164595bead46bf2db2.jpg', '2018-11-13 07:41:00', '2018-11-13 07:41:00'),
(3, 3, 2, 'TRATOR CBT 8240 COM CARREGADOR DE CANA', 'SERIE: 001727.', '728144', 'CBT 8240 ', '0', '1', '0.00', '17100.00', NULL, '15428031865bf54ef2a06a7.jpg', '2018-11-21 06:26:28', '2019-06-27 08:58:46'),
(4, 3, 2, 'TRATOR CBT 8440 ', 'TRATOR 4X2, SERIE 2333', '728215', 'CBT8440', '0', '1', '0.00', '18525.00', NULL, '15428038705bf5519ec9e75.jpg', '2018-11-21 06:37:51', '2019-06-18 09:04:12'),
(5, 3, 2, 'TRATOR FORD 6600', 'TRATOR FORD COM ARMAÇÃO PARA SUPORTE DE PULVERIZADORES.', '728204', 'FORD6600', '0', '1', '0.00', '17100.00', NULL, '15428041985bf552e6e9f43.jpg', '2018-11-21 06:43:19', '2019-06-18 09:06:18'),
(6, 3, 2, 'MF290', 'MF290 4X2', '728205', 'MF290', '0', '1', '0.00', '18525.00', NULL, '15428042785bf55336304af.jpg', '2018-11-21 06:44:38', '2019-06-18 09:08:04'),
(7, 3, 2, 'MF275', 'TRATOR MF275, 4X2.', '728255', 'MF275', '0', '1', '0.00', '16387.00', NULL, '15428046415bf554a14e15f.jpg', '2018-11-21 06:50:41', '2019-06-18 09:09:28'),
(8, 3, 2, 'TRATOR VALMET', 'TRATOR VALMET ANTIGO REFORMADO.', '728136', 'VALMET', '1', '1', '0.00', '17100.00', NULL, '15428048855bf555959b3e1.jpg', '2018-11-21 06:54:46', '2019-06-18 09:10:53'),
(9, 3, 2, 'TRATOR MF299', 'TRATOR MF299 4X4', '728192', 'MF299', '1', '1', '0.00', '24225.00', NULL, '15428053135bf55741f3be8.jpg', '2018-11-21 07:01:55', '2019-06-18 09:12:08'),
(10, 3, 2, 'PÁ CARREGADEIRA CASE W20', 'W20 CASE SERIE JHF0017728.', '728177', 'CASE W20', '0', '1', '0.00', '57000.00', NULL, '15428055765bf55848f3cb7.jpg', '2018-11-21 07:06:18', '2019-06-18 09:13:23'),
(11, 3, 2, 'PÁ CARREGADEIRA CASE W18', 'PÁ CARREGADEIRA W18, SERIE IHF0014878.', '728182', 'CASE W18', '0', '1', '0.00', '49875.00', NULL, '15428059595bf559c7623c3.jpg', '2018-11-21 07:12:39', '2019-06-18 09:13:35'),
(12, 3, 2, 'TRATOR FORD 6610', 'TRATOR FORD 6610, 4X2', '728156', 'FORD6610', '1', '1', '0.00', '18525.00', NULL, '15428062795bf55b07b8a68.jpg', '2018-11-21 07:18:01', '2019-06-18 09:18:26'),
(13, 3, 2, 'MF292', 'TRATOR MF292, 4X4', '728251', 'MF292', '0', '1', '0.00', '24700.00', NULL, '15428064545bf55bb684650.jpg', '2018-11-21 07:20:55', '2019-06-18 09:19:36'),
(14, 3, 2, 'CBT8440', 'TRATOR CBT8440, 4X2 COM BARRA IRRIGADORA.', '728221', 'CBT8440', '0', '1', '0.00', '18525.00', NULL, '15428066265bf55c623f010.jpg', '2018-11-21 07:23:47', '2019-06-18 09:20:04'),
(15, 3, 2, 'TRATOR MF299', 'TRATOR MF299, 4X4, SERIE 5718001880.', '728141', 'MF299', '0', '1', '0.00', '24225.00', NULL, '15428067675bf55cef6d398.jpg', '2018-11-21 07:26:08', '2019-06-18 09:21:06'),
(16, 3, 2, 'TRATOR CBT 8440', 'TRATOR CBT8440, 4X2, ANO 1987.', '728114', 'CBT8440', '0', '1', '0.00', '18525.00', NULL, '15428069465bf55da21e572.jpg', '2018-11-21 07:29:07', '2019-06-18 09:21:34'),
(17, 3, 2, 'TRATOR DE ESTEIRA CATERPILLAR ', 'TRATOR DE ESTEIRA CATERPILLAR, D6E SR.', '728131', 'D6E SR', '1', '1', '0.00', '106875.00', NULL, '15428071525bf55e706be52.jpg', '2018-11-21 07:32:33', '2019-06-18 09:22:03'),
(18, 3, 2, 'TRATOR MF295', 'TRATOR MF295, 4X4, SERIE 2777401092.', '728138', 'MF295', '0', '1', '0.00', '19950.00', NULL, '15428072985bf55f022a04c.jpg', '2018-11-21 07:34:58', '2019-06-18 09:22:32'),
(19, 3, 2, 'TRATOR MAXION', 'TRATOR MAXION 9150, SERIE 2000183.', '728158', 'MAXION9150', '1', '1', '0.00', '24225.00', NULL, '15428077185bf560a6c9327.jpg', '2018-11-21 07:41:59', '2019-06-18 09:23:04'),
(20, 3, 2, 'COLHEITADEIRA ', 'COLHEITADEIRA SLC6200, SERIE 6200B723010.', '728137', 'SLC6200', '0', '1', '0.00', '19000.00', NULL, '15428091215bf566215c004.jpg', '2018-11-21 08:05:21', '2019-06-18 09:23:40'),
(21, 3, 2, 'COLHEITADEIRA', 'COLHEITADEIRA SLC6200, SERIE 6200E027302.', '728118', 'SLC6200', '0', '1', '0.00', '19000.00', NULL, '15428093145bf566e26046f.jpg', '2018-11-21 08:08:35', '2019-06-18 09:24:14'),
(22, 3, 2, 'COLHEITADEIRA', 'COLHEITADEIRA SLC6200, SERIE 6200B722921.', '728165', 'SLC6200', '0', '1', '0.00', '19000.00', NULL, '15428096865bf56856a692c.jpg', '2018-11-21 08:14:46', '2019-06-18 09:24:38'),
(23, 3, 2, 'CBT8240', 'TRATOR CBT8240, 4X2, SERIE 01778, COM PEGADOR DE BAG.', '728228', 'CBT 8240', '0', '1', '0.00', '17100.00', NULL, '15428157775bf580216a1c5.jpg', '2018-11-21 09:56:17', '2019-06-18 09:25:07'),
(24, 3, 2, 'FORD 6600', 'TRATOR FORD 6600, 4X2, COM CARREGADOR DE CANA.', '728222', 'FORD6600', '0', '1', '0.00', '17100.00', NULL, '15428158995bf5809bea306.jpg', '2018-11-21 09:58:20', '2019-06-18 09:25:32'),
(25, 3, 2, 'FORD 6600', 'TRATOR FORD 6600, 4X2, COM CARREGADOR DE CANA.', '728206', 'FORD6600', '0', '1', '0.00', '17100.00', NULL, '15428160005bf5810095dc8.jpg', '2018-11-21 10:00:01', '2019-06-18 09:29:55'),
(26, 3, 2, 'MF290', 'TRATOR MF290, 4X2, COM CARREGADOR DE CANA.', '728219', 'MF290', '0', '1', '0.00', '18525.00', NULL, '15428161205bf581783eca6.jpg', '2018-11-21 10:02:00', '2019-06-18 09:31:21'),
(27, 3, 2, 'FORD 6600', 'TRATOR FORD 6600, 4X2, COM CARREGADOR DE CANA.', '728202', 'FORD6600', '0', '1', '0.00', '17100.00', NULL, '15428162295bf581e51c10d.jpg', '2018-11-21 10:03:49', '2019-06-18 09:30:56'),
(28, 3, 2, 'FORD 6600', 'TRATOR FORD 6600, 4X2, COM ACESSORIOS.', '728237', 'FORD6600', '0', '1', '0.00', '17100.00', NULL, '15428167715bf58403ec40b.jpg', '2018-11-21 10:05:21', '2019-06-18 09:32:22'),
(29, 3, 2, 'TRATOR FORD 6600', 'TRATOR FORD 6600, 4X2, COM ACESSORIOS.', '728220', 'FORD6600', '0', '1', '0.00', '17100.00', NULL, '15428167075bf583c3d8b3c.jpg', '2018-11-21 10:08:48', '2019-06-18 09:32:46'),
(30, 3, 2, 'CBT 8240', 'TRATOR CBT 8440, 4X2, COM CARREGADOR DE CANA.', '728252', 'CBT8440', '0', '1', '0.00', '17100.00', NULL, '15428169365bf584a867bc9.jpg', '2018-11-21 10:15:36', '2019-06-18 09:31:56'),
(31, 3, 2, 'CBT 8440', 'TRATOR CBT 8440, 4X2.', '728210', 'CBT8440', '0', '1', '0.00', '18525.00', NULL, '15428171895bf585a5936c8.jpg', '2018-11-21 10:19:49', '2019-06-18 09:34:31'),
(32, 3, 2, 'MF 50X', 'TRATOR MF 50X, 4X2, SERIE 654008638.', '728207', 'MF 50X', '1', '1', '0.00', '14250.00', NULL, '15428173275bf5862fde7c0.jpg', '2018-11-21 10:22:08', '2019-06-18 09:35:03'),
(33, 3, 2, 'MF275', 'TRATOR MF275, 4X2, SERIE 2160001098.', '728256', 'MF275', '0', '1', '0.00', '16387.00', NULL, '15428174945bf586d6c4c64.jpg', '2018-11-21 10:24:55', '2019-06-18 09:35:33'),
(34, 3, 2, 'MF299', 'TRATOR MF299, 4X4, SERIE 5718000599.', '728175', 'MF299', '0', '1', '0.00', '24225.00', NULL, '15428176925bf5879c8f197.jpg', '2018-11-21 10:28:12', '2019-06-18 09:35:58'),
(35, 3, 2, 'MF299', 'TRATOR MF299, 4X4, SERIE 5718001888.', '728139', 'MF299', '0', '1', '0.00', '24225.00', NULL, '15428179435bf5889791373.jpg', '2018-11-21 10:32:23', '2019-06-18 09:36:25'),
(36, 3, 2, ' FORD4600', 'TRATOR FORD 4600, 4X2, ANO 1988, SERIE V177951.', '728213', 'FORD4600', '0', '1', '0.00', '15675.00', NULL, '15428181105bf5893eb4225.jpg', '2018-11-21 10:35:11', '2019-06-18 09:37:25'),
(37, 3, 2, 'MF299', 'TRATOR MF299, 4X4, SERIE 5718001556.', '728102', 'MF299', '0', '1', '0.00', '24225.00', NULL, '15428184545bf58a9671d77.jpg', '2018-11-21 10:40:54', '2019-06-18 09:37:54'),
(38, 3, 2, 'MF299', 'TRATOR MF299, 4X4, SERIE 5718000598, ANO 1991.', '728124', 'MF299', '0', '1', '0.00', '24225.00', NULL, '15428186935bf58b8586e5e.jpg', '2018-11-21 10:44:53', '2019-06-18 09:38:20'),
(39, 3, 2, 'MF299', 'TRATOR MF299, 4X4, SERIE 5718001872.', '728163', 'MF299', '0', '1', '0.00', '24225.00', NULL, '15428188185bf58c0248f33.jpg', '2018-11-21 10:46:58', '2019-06-18 09:38:49'),
(40, 3, 2, 'MF292', 'TRATOR MF292, 4X4, SERIE 5260403594.', '728166', 'MF292', '0', '1', '0.00', '24700.00', NULL, '15428189175bf58c65ada96.jpg', '2018-11-21 10:48:37', '2019-06-18 09:39:19'),
(41, 3, 2, 'MF292', 'TRATOR MF292, 4X4, SERIE 5260403156.', '728133', 'MF292', '0', '1', '0.00', '24700.00', NULL, '15428190335bf58cd942fdf.jpg', '2018-11-21 10:50:33', '2019-06-18 09:39:55'),
(42, 3, 2, 'MF299', 'TRATOR MF299, 4X4, SERIE 5718001535.', '728145', 'MF299', '0', '1', '0.00', '24225.00', NULL, '15428191635bf58d5bd4f29.jpg', '2018-11-21 10:52:44', '2019-06-18 09:40:23'),
(43, 3, 2, 'MF292', 'TRATOR MF292, 4X4, SERIE 5260403619.', '728170', 'MF292', '0', '1', '0.00', '24700.00', NULL, '15428192725bf58dc876dac.jpg', '2018-11-21 10:54:32', '2019-06-18 09:41:22'),
(44, 3, 2, 'MF299', 'TRATOR MF299, 4X4, SERIE 5718001871.', '728183', 'MF299', '0', '1', '0.00', '24225.00', NULL, '15428193735bf58e2dacba7.jpg', '2018-11-21 10:56:14', '2019-06-18 09:42:21'),
(45, 3, 2, 'MF299', 'TRATOR MF299, 4X4, SERIE 5718001874.', '728198', 'MF299', '0', '1', '0.00', '24225.00', NULL, '15428194915bf58ea3d212b.jpg', '2018-11-21 10:58:13', '2019-06-18 09:41:56'),
(46, 3, 2, 'MF299', 'TRATOR MF299, 4X4, SERIE 5718001551.', '728193', 'MF299', '0', '1', '0.00', '24225.00', NULL, '15428196075bf58f1705932.jpg', '2018-11-21 11:00:11', '2019-06-18 09:42:51'),
(47, 3, 2, 'MF299', 'TRATOR MF299, 4X4, SERIE 5718000584.', '728161', 'MF299', '0', '1', '0.00', '24225.00', NULL, '15428197195bf58f877a8a0.jpg', '2018-11-21 11:01:59', '2019-06-18 09:43:19'),
(48, 3, 2, 'MF299', 'TRATOR MF299, 4X4, SERIE 5718001889.', '728134', 'MF299', '0', '1', '0.00', '24225.00', NULL, '15428198325bf58ff882aa5.jpg', '2018-11-21 11:03:52', '2019-06-18 09:43:44'),
(49, 3, 2, 'MOTONIVELADORA CATERPILLAR', 'MOTONIVELADORA CATERPILLAR, SERIE 61501022, ANO 1980.', '728195', '140B', '0', '1', '0.00', '99750.00', NULL, '15428202755bf591b31be4c.jpg', '2018-11-21 11:11:15', '2019-06-18 09:44:19'),
(50, 3, 2, 'MF296', 'TRATOR MF296, 4X4, ANO 1977, SERIE 2571401666.', '728225', 'MF296', '0', '1', '0.00', '17100.00', NULL, '15428208835bf59413220ba.jpg', '2018-11-21 11:21:23', '2019-06-18 09:44:41'),
(51, 4, 2, 'CBT8240', 'TRATOR CBT8140, 4X2, COM PNEUS ESTREITOS, SEM MOTOR.', '728523', 'CBT8240', '0', '1', '0.00', '4940.00', NULL, '15432781775bfc8e61a5541.jpg', '2018-11-21 11:27:28', '2019-06-18 09:48:47'),
(52, 4, 2, 'CBT 8440', 'TRATOR CBT8440, 4X2, SEM CUBO DIANTEIRO, SEM PNEUS TRAZEIROS, MOTOR FUNDIDO.', '728585', 'CBT8440', '0', '1', '0.00', '6175.00', NULL, '15428214205bf5962c81f1f.jpg', '2018-11-21 11:30:24', '2019-08-07 15:32:27'),
(53, 4, 2, 'CBT8440', 'TRATOR CBT8440, 4X2, SEM EIXO DIANTEIRO, MOTOR FUNDIDO, ANO 1985, SERIE 002339.', '728502', 'CBT8440', '0', '1', '0.00', '4940.00', NULL, '15428215725bf596c4e9d8f.jpg', '2018-11-21 11:32:56', '2019-06-18 09:49:46'),
(54, 4, 2, 'CBT1090', 'TRATOR CBT1090, 4X2, MOTOR PERKINS FUNDIDO, SEM PNEUS DIANTEIROS, ANO 1975, SERIE 71385.', '728575', 'CBT1090', '0', '1', '0.00', '4750.00', NULL, '15428218415bf597d1f15a7.jpg', '2018-11-21 11:37:24', '2019-06-18 09:50:14'),
(55, 4, 2, 'MF299', 'TRATOR MF299, 4X4, SEM CAMBIO, PARTIDO NO MEIO.', '728537', 'MF299', '0', '1', '0.00', '12920.00', NULL, '15428228725bf59bd882ad3.jpg', '2018-11-21 11:54:34', '2019-06-18 09:50:43'),
(56, 3, 7, 'TOYOTA  ', 'TOYOTA BANDERANTE, COM BAÚ, ANO 1994, PLACA JYB 3707.', '728186', 'TOYOTA', '0', '1', '0.00', '14400.00', NULL, '15428239025bf59fdeaf337.jpg', '2018-11-21 12:11:45', '2019-06-18 09:53:14'),
(57, 3, 7, 'TOYOTA', 'TOYOTA BANDEIRANTE, ANO 1998, PLACA JYP 4823, COM CARROCERIA DE MADEIRA.', '728167', 'TOYOTA', '0', '1', '0.00', '21306.00', NULL, '15428242555bf5a13f21857.jpg', '2018-11-21 12:17:36', '2019-06-18 09:53:42'),
(58, 3, 7, 'TOYOTA', 'TOYOTA BANDERANTE, COM CARROCERIA, ANO 1994, PLACA JYB 3717.', '728168', 'TOYOTA', '0', '1', '0.00', '14400.00', NULL, '15428244605bf5a20c4cc2d.jpg', '2018-11-21 12:21:01', '2019-06-18 09:55:21'),
(59, 3, 7, 'TOYOTA', 'TOYOTA BANDERANTE, COM CARROCERIA DE MADEIRA, ANO 1994, PLACA JYB 3637.', '728126', 'TOYOTA', '0', '1', '0.00', '14400.00', NULL, '15428245875bf5a28c0060e.jpg', '2018-11-21 12:23:09', '2019-06-18 09:55:48'),
(60, 3, 7, 'MB2217', 'CAMINHÃO MB2217, ANO 1988, COR AZUL, CHASSI 9BM345403JB787253.', '728110', 'MB2217', '0', '1', '0.00', '24225.00', NULL, '15428250005bf5a428b5414.jpg', '2018-11-21 12:30:03', '2019-06-18 09:56:15'),
(61, 3, 7, 'MB1418', 'CAMINHÃO MB1418, VERMELHO, PLACA JYY-6928.', '728187', 'MB1418', '1', '1', '0.00', '33747.00', NULL, '15428253585bf5a58e62d4d.jpg', '2018-11-21 12:35:59', '2019-06-18 09:56:51'),
(62, 3, 7, 'FORD PAMPA', 'CAMINHONETE FORD PAMPA, ANO 1995, PLACA KAM-2009.', '728173', 'PAMPA', '0', '1', '0.00', '9247.00', NULL, '15428255285bf5a638c3a4f.jpg', '2018-11-21 12:38:50', '2019-06-18 09:57:30'),
(63, 3, 7, 'MB2635', 'CAVALO MECANICO, TRAÇADO, PLACA JNY-2933.', '728135', 'MB2635', '1', '1', '0.00', '41986.00', NULL, '15428257235bf5a6fbcece9.jpg', '2018-11-21 12:42:05', '2019-01-08 05:59:12'),
(64, 3, 7, 'MB1518', 'CAMINHÃO MB1518, CARROCERIA, ANO 1988, PLACA JYK-8635.', '728162', 'MB1518', '0', '1', '0.00', '25650.00', NULL, '15428259075bf5a7b3b2c5d.jpg', '2018-11-21 12:45:08', '2019-06-18 09:57:57'),
(65, 3, 7, 'HONDA', 'MOTO HONDA XLR 125 ES, ANO 2001, PLACA JZH-2542.', '728164', 'HONDA XLR', '1', '1', '0.00', '1700.00', NULL, '15428261595bf5a8af2e652.jpg', '2018-11-21 12:49:20', '2019-06-18 10:07:59'),
(66, 3, 7, 'SANTANA', 'SANTANA A ALCOOL, ANO 2004/2005, PLACA KAK-3066.', '728176', 'SANTANA', '1', '1', '0.00', '14645.00', NULL, '15428263215bf5a95106785.jpg', '2018-11-21 12:52:03', '2019-06-18 10:10:28'),
(67, 3, 7, 'VOLVO', 'CAVALO TRATOR VOLVO 410, TRAÇADO,PLACA NDK-2128.', '728122', 'VOLVO410', '1', '1', '0.00', '41986.00', NULL, '15428265025bf5aa06e4570.jpg', '2018-11-21 12:55:04', '2019-01-08 06:07:00'),
(68, 3, 7, 'MB1418', 'CAMINHÃO MB1418, TOCO, CARGA SECA, ANO 1991, PLACA JZL-2930.', '728121', 'MB1418', '1', '1', '0.00', '33396.00', NULL, '15428266545bf5aa9e687f9.jpg', '2018-11-21 12:57:35', '2019-06-18 09:58:27'),
(69, 3, 7, 'MB2214', 'CAMINHÃO PIPA, MB2214, ANO 1988, PLACA JYL-5730.', '728103', 'MB2214', '1', '1', '0.00', '24225.00', NULL, '15428267915bf5ab27cd3d6.jpg', '2018-11-21 12:59:53', '2019-06-18 09:58:53'),
(70, 3, 7, 'MB2217', 'CAMINHÃO PIPA, MB2217, TRAÇADO, ANO 1988, PLACA GQ-0185.', '728117', 'MB2217', '1', '1', '0.00', '24225.00', NULL, '15428269585bf5abceb6be3.jpg', '2018-11-21 13:02:39', '2019-06-18 09:59:47'),
(71, 3, 7, 'CHEVROLET ', 'CAMINHÃO CHEVROLET, ANO 1980, PLACA JXZ-4155.', '728169', 'CHEVROLET', '0', '1', '0.00', '6840.00', NULL, '15428273905bf5ad7e76209.jpg', '2018-11-21 13:09:50', '2019-06-18 10:00:21'),
(72, 3, 7, 'DODGE', 'CAMINHÃO DODGE, PLACA JYA-5298.', '728104', 'DODGE', '0', '1', '0.00', '9000.00', NULL, '15428275925bf5ae48b6915.jpg', '2018-11-21 13:13:12', '2019-06-18 10:00:48'),
(73, 3, 7, 'ONIBUS MB1113', 'ONIBUS MB1113, ANO 1979, PLACA JZB-8960.', '728180', 'MB1113', '0', '1', '0.00', '22950.00', NULL, '15428277645bf5aef44cab8.jpg', '2018-11-21 13:16:04', '2019-07-05 08:37:49'),
(74, 3, 7, 'ONIBUS MB', 'ONIBUS MB, 134 CV, ANO 1972, PLACA JYF-0739.', '728116', 'MB', '0', '1', '0.00', '22950.00', NULL, '15428279985bf5afde893cd.jpg', '2018-11-21 13:19:58', '2019-07-05 08:38:25'),
(75, 3, 7, 'ONIBUS MB', 'ONIBUS MB, ANO 1973, 140 CV, PLACA JYC-6652', '728194', 'MB', '0', '1', '0.00', '22950.00', NULL, '15428283365bf5b130d00ec.jpg', '2018-11-21 13:25:37', '2019-07-05 08:38:57'),
(76, 3, 7, 'ONIBUS MB1313', 'ONIBUS MB1313, ANO 1986, PLACA BYD-4604.', '728153', 'MB1313', '0', '1', '0.00', '24225.00', NULL, '15428284695bf5b1b5d221a.jpg', '2018-11-21 13:27:50', '2019-07-05 08:39:33'),
(77, 3, 7, 'ONIBUS MB1318', 'ONIBUS MB1318, ANO 1985/1986, PLACA HQG-4596.', '728128', 'MB1318', '0', '1', '0.00', '24225.00', NULL, '15428286135bf5b245d70bd.jpg', '2018-11-21 13:30:14', '2019-07-05 08:40:14'),
(78, 3, 7, 'ONIBUS MB', 'ONIBUS MB, PLACA JYK-4540, ANO 1985.', '728178', 'MB', '0', '1', '0.00', '24225.00', NULL, '15428287105bf5b2a640490.jpg', '2018-11-21 13:31:50', '2019-07-05 08:41:01'),
(79, 3, 7, 'ONIBUS MB', 'ONIBUS MB, 145 CV, ANO 1974/1975, PLACA JYF-3291.', '728171', 'MB', '0', '1', '0.00', '22950.00', NULL, '15428288235bf5b31793bb6.jpg', '2018-11-21 13:33:43', '2019-07-05 08:41:43'),
(80, 3, 7, 'MB1113', 'CAMINHÃO MB1113, ANO 1978, PLACA JYI-2370.', '728181', 'MB1113', '0', '1', '0.00', '21375.00', NULL, '15428289655bf5b3a59f64d.jpg', '2018-11-21 13:36:06', '2019-06-18 10:01:18'),
(81, 3, 7, 'MB1618', 'CAMINHÃO CAÇAMBA, MB1618, PLACA JYE-7918', '728130', 'MB1618', '0', '1', '0.00', '33396.00', NULL, '15428291635bf5b46be83eb.jpg', '2018-11-21 13:37:46', '2019-06-18 10:01:51'),
(82, 3, 7, 'MB1113', 'CAMINHÃO COMBOYO (MELOSA), CHEVROLET( MB1113, VERMELHO) ANO 1995, PLACA JYE-2788.', '728151', 'MB1113', '1', '1', '0.00', '20250.00', NULL, '15428299595bf5b78702924.jpg', '2018-11-21 13:52:39', '2019-06-18 10:02:19'),
(83, 3, 7, 'MB1618', 'CAMINHÃO CAÇAMBA , MB1618, ANO 1991, PLACA JYH-8310.', '728148', 'MB1618', '0', '1', '0.00', '33396.00', NULL, '15428301315bf5b833a1a85.jpg', '2018-11-21 13:55:32', '2019-06-18 10:02:48'),
(84, 3, 7, 'MB1618', 'CAMINHÃO CAÇAMBA, MB1618, ANO 1991/1992, PLACA JYF-4059.', '728188', 'MB1618', '0', '1', '0.00', '33396.00', NULL, '15428302665bf5b8bab6147.jpg', '2018-11-21 13:57:47', '2019-06-18 10:03:12'),
(85, 3, 7, 'FORD F700', 'CAMINHÃO FORD F700, OFICINA BAU, ANO 1978, PLACA JYT-2914.', '728107', 'F700', '0', '1', '0.00', '13300.00', NULL, '15428305015bf5b9a59567c.jpg', '2018-11-21 14:01:41', '2019-06-18 10:03:41'),
(86, 3, 7, 'CHEVROLET', 'CAMINHÃO CHEVROLET, A70, ANO 1983/1984, PLACA JYX-3407.', '728179', 'A70', '0', '1', '0.00', '6840.00', NULL, '15428306495bf5ba399fd18.jpg', '2018-11-21 14:04:09', '2019-06-18 10:04:10'),
(87, 3, 7, 'MB2217', 'CAMINHÃO MB2217, ANO 1988, PLACA KAD-0359.', '728129', 'MB2217', '0', '1', '0.00', '24225.00', NULL, '15428307665bf5baaea3d20.jpg', '2018-11-21 14:06:06', '2019-06-18 10:04:33'),
(88, 3, 7, 'MB2217', 'CAMINHÃO MB2217, ANO 1988, PLACA GQ-0380.', '728152', 'MB2217', '0', '1', '0.00', '24225.00', NULL, '15428308775bf5bb1dcc054.jpg', '2018-11-21 14:07:58', '2019-06-18 10:04:57'),
(89, 3, 7, 'MB2217', 'CAMINHÃO MB2217, ANO 1988, PLACA JYK-9290.', '728113', 'MB2217', '0', '1', '0.00', '24225.00', NULL, '15428309855bf5bb89e360c.jpg', '2018-11-21 14:09:46', '2019-06-18 10:05:26'),
(90, 3, 7, 'MB1111', 'CAMINHÃO MB1111, BAÚ, ANO 1968, PLACA BWK-8556.', '728142', 'MB1111', '0', '1', '0.00', '20250.00', NULL, '15428311115bf5bc074b187.jpg', '2018-11-21 14:11:51', '2019-06-18 10:05:54'),
(91, 3, 7, 'VW 1130', 'CAMINHÃO VW 1130, SEM PNEUS, ANO 1987, PLACA AX-5025.', '728132', 'VW 1130', '0', '1', '0.00', '12350.00', NULL, '15428314215bf5bd3df36a0.jpg', '2018-11-21 14:17:02', '2019-06-18 10:06:24'),
(92, 3, 7, 'DODGE E21', 'CAMINHÃO DODGE E21, PRANCHA, TRAÇADA, REVISADO, ANO 1984, PLACA JYA-5338. ', '728174', 'DODGE E21', '0', '1', '0.00', '13500.00', NULL, '15428315965bf5bdec9fc65.jpg', '2018-11-21 14:19:57', '2019-06-18 10:46:36'),
(93, 3, 7, 'MB', 'ÔNIBUS MB, TRANSJAO SUCATA.', '728140', 'MB', '0', '1', '0.00', '8075.00', NULL, '15428317005bf5be5415cc4.jpg', '2018-11-21 14:21:40', '2019-07-05 08:44:24'),
(94, 3, 7, 'DODGE ', 'CAMINHÃO PIPA DODGE, ANO 1984, PLACA JYA-5308.', '728172', 'DODGE', '0', '1', '0.00', '9000.00', NULL, '15428318585bf5bef281ddf.jpg', '2018-11-21 14:24:18', '2019-06-18 10:07:25'),
(95, 3, 8, 'JULIETA', 'JULIETA, MARCA SERGOMEL, VERDE FOLHA, ANO 2003, NF 4225.', '728292', 'SERGOMEL', '0', '1', '0.00', '12947.00', NULL, '15428346565bf5c9e0479e4.jpg', '2018-11-21 15:00:06', '2019-01-08 06:16:04'),
(96, 3, 8, 'JULIETA', 'JULIETA, SERGOMEL, 2003 NF 4225.', '728283', 'SERGOMEL', '0', '1', '0.00', '12947.00', NULL, '15428345895bf5c99d04a30.jpg', '2018-11-21 15:09:49', '2019-01-08 06:25:06'),
(97, 3, 8, 'JULIETA', 'JULIETA, ANTONINI, ANO 1989, PLACA BQN-1381.', '728212', 'ANTONINI', '0', '1', '0.00', '11097.00', NULL, '15428348965bf5cad076984.jpg', '2018-11-21 15:14:57', '2019-01-08 06:32:52'),
(98, 3, 8, 'JULIETA', 'JULIETA, SEM ORIGEM E MARCA.', '728267', 'JULIETA', '0', '1', '0.00', '6000.00', NULL, '15428352365bf5cc24afd18.jpg', '2018-11-21 15:20:37', '2019-01-08 06:34:52'),
(99, 3, 8, 'JULIETA', 'JULIETA, SERGOMEL, ANO 2003, NF 4293.', '728298', 'SERGOMEL', '0', '1', '0.00', '12947.00', NULL, '15428354375bf5cced3c232.jpg', '2018-11-21 15:23:58', '2019-01-08 06:37:31'),
(100, 3, 8, 'JULIETA', 'JULIETA COM TRUCK, RODOVIARIA, ANO 1987, PLACA COG-0150', '728211', 'RODOVIARIA', '1', '1', '0.00', '14796.00', NULL, '15428357505bf5ce26b8b26.jpg', '2018-11-21 15:29:11', '2019-05-02 16:21:49'),
(101, 3, 8, 'JULIETA', 'JULIETA, RODOVIARIO, ANO 1983, PLACA BQN-1382.', '728297', 'RODOVIARIO', '1', '1', '0.00', '10500.00', NULL, '15428359585bf5cef6edefb.jpg', '2018-11-21 15:32:39', '2019-01-08 06:53:38'),
(102, 3, 8, 'JULIETA', 'JULIETA, SERGOMEL, ANO 2003, NF 4272.', '728284', 'SERGOMEL', '0', '1', '0.00', '12947.00', NULL, '15428362225bf5cffe5b1cf.jpg', '2018-11-21 15:37:03', '2019-01-08 06:46:52'),
(103, 3, 8, 'JULIETA', 'JULIETA NORDESTE, ANO 1998, PLACA MUF-1701.', '728244', 'NORDESTE', '0', '1', '0.00', '9975.00', NULL, '15428364445bf5d0dc5c5a6.jpg', '2018-11-21 15:40:45', '2019-01-08 06:50:44'),
(104, 3, 8, 'JULIETA', 'JULIETA, ANO 1986.', '728229', 'ENGESA', '0', '1', '0.00', '9975.00', NULL, '15428366685bf5d1bc556f6.jpg', '2018-11-21 15:44:29', '2019-05-02 16:29:36'),
(105, 3, 8, 'JULIETA', 'JULIETA, USICAMP, BRANCA, ANO 1984, PLACA BQQ-4022.', '728201', 'UNICAMP', '0', '1', '0.00', '9975.00', NULL, '15428369035bf5d2a717c2d.jpg', '2018-11-21 15:48:23', '2019-05-02 16:15:50'),
(106, 3, 8, 'JULIETA', 'JULIETA, BRANCA,  PLACA ABP-0375.', '728273', 'S/M', '0', '1', '0.00', '12947.00', NULL, '15428371335bf5d38d0e9bd.jpg', '2018-11-21 15:52:13', '2019-01-08 07:03:07'),
(107, 3, 8, 'JULIETA', 'JULIETA, ZANINI, BRANCA, ANO 1991, PLACA ABP-0379.', '728223', 'ZANINI', '0', '1', '0.00', '9476.00', NULL, '15428374675bf5d4db69de9.jpg', '2018-11-21 15:57:48', '2019-01-08 07:09:19'),
(108, 3, 8, 'JULIETA', 'JULIETA, SERGOMEL, ANO 2003, NF 4272.', '728269', 'SERGOMEL', '0', '1', '0.00', '12947.00', NULL, '15428383715bf5d8631207b.jpg', '2018-11-21 16:12:52', '2019-01-08 07:10:39'),
(109, 3, 8, 'JULIETA', 'JULIETA, S/M.', '728230', 'JULIETA', '0', '1', '0.00', '9476.00', NULL, '15428411325bf5e32c8f27b.jpg', '2018-11-21 16:58:53', '2019-01-08 07:21:35'),
(110, 3, 8, 'JULIETA', 'JULIETA, USICAMP, ANO 1984, PLACA BQQ-4026.', '728299', 'UNICAMP', '0', '1', '0.00', '7000.00', NULL, '15428414565bf5e4708a5c0.jpg', '2018-11-21 17:04:17', '2019-01-08 07:23:44'),
(111, 3, 8, 'JULIETA', 'JULIETA, RODOVIARIO, ANO 1988, PLACA BQN-1442.', '728293', 'RODOVIARIO', '0', '1', '0.00', '9476.00', NULL, '15428416165bf5e5104c8c6.jpg', '2018-11-21 17:06:56', '2019-01-08 07:25:52'),
(112, 3, 8, 'JULIETA', 'JULIETA, ALAGOAS, ANO 1990/1991, PLACA MUL-7380.', '728271', 'ALAGOAS', '0', '1', '0.00', '9476.00', NULL, '15428417515bf5e59778391.jpg', '2018-11-21 17:09:12', '2019-01-08 07:28:28'),
(113, 3, 8, 'JULIETA', 'JULIETA, KRONORTE, ANO 1989, PLACA MUF-1711.', '728282', 'RODOVIARIO', '0', '1', '0.00', '9476.00', NULL, '15428418685bf5e60cd39ed.jpg', '2018-11-21 17:11:09', '2019-04-29 14:21:15'),
(114, 3, 8, 'JULIETA', 'JULIETA, NORDESTE, ANO 1998, PLACA MUF-1661.', '728295', 'NORDESTE', '0', '1', '0.00', '9975.00', NULL, '15428419975bf5e68d921b9.jpg', '2018-11-21 17:13:18', '2019-01-08 07:31:26'),
(115, 3, 8, 'JULIETA', 'JULIETA, FRUEHAUF, ANO 1986.', '728264', 'SERTAOZINHO', '0', '1', '0.00', '9975.00', NULL, '15428421325bf5e7142beb8.jpg', '2018-11-21 17:15:33', '2019-05-02 16:11:49'),
(116, 3, 8, 'JULIETA', 'JULIETA, ANO 2003, NF 4190.', '728280', 'SERGOMEL', '0', '1', '0.00', '12947.00', NULL, '15428422245bf5e7705795d.jpg', '2018-11-21 17:17:04', '2019-05-02 16:26:49'),
(117, 3, 8, 'JULIETA', 'JULIETA, ANTONINI, ANO 1989, PLACA BQN-1438.', '728276', 'ANTONINI', '0', '1', '0.00', '11097.00', NULL, '15428423445bf5e7e8ecba5.jpg', '2018-11-21 17:19:05', '2019-01-08 07:37:35'),
(118, 3, 8, 'MOTOBOMBA', 'CONJUNTO MOTOBOMBA MWM, 6 CIL., SOBRE RODAS, MOTOR TRAVADO.', '728209', 'MWM 6 CILINDRO', '0', '1', '0.00', '5598.00', NULL, '15428864835bf69453a30cd.jpg', '2018-11-22 05:34:44', '2019-06-18 13:25:24'),
(119, 3, 8, 'MOTOBOMBA', 'CONJUNTO MOTOBOMBA, MOTOR MB, 6 CIL., SOBRE RODAS.', '728261', 'MB 6 CILINDRO', '1', '1', '0.00', '9198.00', NULL, '15428866565bf695006ecc3.jpg', '2018-11-22 05:37:37', '2019-06-18 13:31:28'),
(120, 3, 8, 'TANQUE JACTO ', 'TANQUE JACTO, 2000 LITROS, COM BOMBA.', '728203', 'JACTO', '0', '1', '0.00', '1149.00', NULL, '15428868075bf695970061f.jpg', '2018-11-22 05:40:08', '2019-06-18 13:36:39'),
(121, 3, 8, 'PULVERIZADOR JACTO', 'PULVERIZADOR JACTO, VORTEX, 2000 LITROS.', '728287', 'JACTO', '1', '1', '0.00', '5000.00', NULL, '15428870045bf6965cbf436.jpg', '2018-11-22 05:43:25', '2019-06-18 13:52:44'),
(122, 3, 8, 'PULVERIZADOR JACTO', 'PULVERIZADOR JACTO, VORTEX, 2000 LITROS.', '728241', 'JACTO', '1', '1', '0.00', '5000.00', NULL, '15428871115bf696c71dd39.jpg', '2018-11-22 05:45:12', '2019-06-18 13:53:14'),
(123, 3, 8, 'TANQUE DE AGUA', 'TANQUE DE AGUA, MARTINELLI, COM 4 RODAS.', '728226', 'MARTINELLI', '0', '1', '0.00', '2000.00', NULL, '15428872615bf6975d50d23.jpg', '2018-11-22 05:47:42', '2019-06-18 13:57:31'),
(124, 3, 8, 'BOMBA ATOMIZADORA', 'BOMBA ATOMIZADORA, JACTO, 400 LITROS.', '728214', 'JACTO', '0', '1', '0.00', '800.00', NULL, '15428874855bf6983d9f573.jpg', '2018-11-22 05:51:26', '2019-06-18 13:59:03'),
(125, 3, 8, 'COBRIDOR DE CANA', 'COBRIDOR DE CANA, DMB, 2 LINHAS.', '728239', 'DMB', '1', '1', '0.00', '1500.00', NULL, '15428877075bf6991b82565.jpg', '2018-11-22 05:55:08', '2019-06-18 14:00:50'),
(126, 3, 8, 'CALCARIADEIRA', 'CALCARIADEIRA, 5.5 TONELADAS.', '728248', 'TATU', '1', '1', '0.00', '3000.00', NULL, '15428890095bf69e31e578f.jpg', '2018-11-22 06:16:51', '2019-06-18 14:03:06'),
(127, 3, 8, 'SULCADOR', 'SULCADOR, BICO DE PATO, COM 2 RODAS.', '728233', 'SULCADOR', '1', '1', '0.00', '1500.00', NULL, '15428895045bf6a020c86e6.jpg', '2018-11-22 06:25:07', '2019-06-18 14:06:06'),
(128, 3, 8, 'GRADE NIVELADORA', 'GRADE NIVELADORA, BALDAN, 1 PISTAO.', '728260', 'BALDAN', '0', '1', '0.00', '16942.00', NULL, '15428897225bf6a0fa5a848.jpg', '2018-11-22 06:28:43', '2019-06-24 10:09:54'),
(129, 3, 8, 'SUBSOLADOR', 'SUBSOLADOR, STARA, 7 HASTES,  COM CONTROLE, ANO 1994.', '728200', 'STARA', '1', '1', '0.00', '6735.00', NULL, '15428903515bf6a36fccf7b.jpg', '2018-11-22 06:39:13', '2019-06-24 10:42:55'),
(130, 3, 8, 'SUBSOLADOR', 'SUBSOLADOR, STARA, 13 HASTES.', '728272', 'STARA', '1', '1', '0.00', '10103.00', NULL, '15428904645bf6a3e07c22c.jpg', '2018-11-22 06:41:05', '2019-06-24 10:14:03'),
(131, 3, 8, 'ARADO', 'ARADO, FIXO, 4 DISCOS, SEM MARCAS.', '728254', 'S/M', '0', '1', '0.00', '2400.00', NULL, '15428906475bf6a497963a2.jpg', '2018-11-22 06:44:08', '2019-06-18 14:22:12'),
(132, 3, 8, 'SUBSOLADOR', 'SUBSOLADOR, 7 HASTES, STARA SEM  CONTROLE', '728279', 'STARA', '1', '1', '0.00', '6062.00', NULL, '15428908025bf6a532d415a.jpg', '2018-11-22 06:46:43', '2019-06-24 10:20:54'),
(133, 3, 8, 'GRADE ARADORA', 'GRADE ARADORA, INTERMEDIARIA, SEM MARCA, CONTROLE REMOTO, 24 DISCOS.', '728245', 'S/M', '1', '1', '0.00', '4383.00', NULL, '15428909625bf6a5d28e2bf.jpg', '2018-11-22 06:49:24', '2019-06-24 08:55:27'),
(134, 3, 8, 'GRADE ARADORA', 'GRADE ARADORA, INTERMEDIARIA, COM CONTROLE REMOTO SEM MARCA.', '728217', 'S/M', '1', '1', '0.00', '6000.00', NULL, '15428910755bf6a643b88f3.jpg', '2018-11-22 06:51:16', '2019-06-24 08:10:26'),
(135, 3, 8, 'GRADE ARADORA', 'GRADE ARADORA SUPER PESADA, SEM MARCA.', '728234', 'S/M', '0', '1', '0.00', '7000.00', NULL, '15428912525bf6a6f48f1b8.jpg', '2018-11-22 06:54:13', '2019-06-24 08:13:03'),
(136, 3, 8, 'GRADE NIVELADORA', 'GRADE NIVELADORA, 30 DISCO, ROME, COM CONTROLE REMOTO.', '728259', 'ROME', '1', '1', '0.00', '5200.00', NULL, '15428914085bf6a790a3c04.jpg', '2018-11-22 06:56:49', '2019-06-24 08:17:05'),
(137, 3, 8, 'GRADE NIVELADORA', 'GRADE NIVELADORA, 42 DISCOS, TATU.', '728155', 'TATU', '1', '1', '0.00', '3600.00', NULL, '15428916305bf6a86e651e3.jpg', '2018-11-22 07:00:32', '2019-06-24 08:19:41'),
(138, 3, 8, 'GRADE ARADORA', 'GRADE ARADORA, CONTROLE REMOTO, 20 DISCOS, SEM MARCA.', '728330', 'S/M', '1', '1', '0.00', '4400.00', NULL, '15428919785bf6a9ca440b9.jpg', '2018-11-22 07:06:18', '2019-06-24 08:25:21'),
(139, 3, 8, 'CORRENTAO', 'CORRENTAO 60 METROS.', '728290', 'S/M', '1', '1', '0.00', '3360.00', NULL, '15428921035bf6aa4773c98.jpg', '2018-11-22 07:08:24', '2019-06-24 08:33:20'),
(140, 3, 9, 'ESTAÇÃO DE ABASTECIMENTO', 'ESTAÇÃO DE ABASTECIMENTO COM FILTRO, BOMBA E MARCADOR.', '728227', 'S/M', '1', '1', '0.00', '3000.00', NULL, '15428923295bf6ab290f06e.jpg', '2018-11-22 07:12:10', '2019-06-27 17:11:25'),
(141, 3, 8, 'CANHAO ASPERSOR', '3 CANHÕES ASPERSORES, SEM MARCA.', '728404', 'S/M', '1', '1', '0.00', '2280.00', NULL, '15428925395bf6abfbd1da0.jpg', '2018-11-22 07:15:40', '2019-06-24 08:57:17'),
(142, 3, 8, 'GRADE NIVELADORA', 'GRADE NIVELADORA, 36 DISCOS, TATU, SEM CONTROLE REMOTO.', '728406', 'TATU', '1', '1', '0.00', '3000.00', NULL, '15428927935bf6acf99c1b1.jpg', '2018-11-22 07:19:55', '2019-06-24 08:58:14'),
(143, 3, 8, 'MOTOBOMBA', 'CONJUNTO MOTOBOMBA, MWM, 6 CIL., SOBRE RODAS, MOTOR TRANCADO.', '728426', 'MWM 6 CILINDRO', '0', '1', '0.00', '6000.00', NULL, '15428929695bf6ada9a6909.jpg', '2018-11-22 07:21:52', '2019-06-24 09:08:32'),
(144, 3, 8, 'DESTRIBUIDOR ', 'DESTRIBUIDOR DE TORTA, SEM MARCA.', '728496', 'S/M', '1', '1', '0.00', '3000.00', NULL, '15428930835bf6ae1b7b9de.jpg', '2018-11-22 07:24:44', '2019-06-24 09:09:06'),
(145, 3, 8, 'DESTRIBUIDOR', 'DESTRIBUIDOR DE TORTA, SEM MARCA.', '728450', 'S/M', '1', '1', '0.00', '3000.00', NULL, '15428932025bf6ae923196c.jpg', '2018-11-22 07:26:43', '2019-06-24 09:09:36'),
(146, 3, 8, 'DESTRIBUIDOR', 'DESTRIBUIDOR DE TORTA, SEM MARCA.', '728447', 'S/M', '1', '1', '0.00', '3000.00', NULL, '15428932945bf6aeee502e2.jpg', '2018-11-22 07:28:15', '2019-06-24 09:09:59'),
(147, 3, 8, 'DESTRIBUIDOR', 'DESTRIBUIDOR DE TORTA, SEM MARCA.', '728428', 'S/M', '1', '1', '0.00', '3000.00', NULL, '15428933625bf6af32575d6.jpg', '2018-11-22 07:29:23', '2019-06-24 09:10:33'),
(148, 3, 8, 'TANQUE ', 'TANQUE DE AGUA, SEM MARCA, REBOCAVEL COM BOMBA.', '728427', 'S/M', '0', '1', '0.00', '2700.00', NULL, '15428934775bf6afa54e93f.jpg', '2018-11-22 07:31:18', '2019-06-24 09:18:20'),
(149, 3, 9, 'CARRETA PARA TRANSP. DE BARCO', 'CARRETA PARA TRANSPORTE DE BARCO, COM PNEUS, SEM MARCA.', '728452', 'S/M', '1', '1', '0.00', '2654.00', NULL, '15428936105bf6b02aacffc.jpg', '2018-11-22 07:33:32', '2019-06-27 17:13:02'),
(150, 3, 8, 'HIDROROLO', 'HIDROROLO PARA IRRIGAÇÃO, COM MAGUEIRA, SOBRE RODAS, SEM MARCA.', '728185', 'S/M', '1', '1', '0.00', '5415.00', NULL, '15428940735bf6b1f976bc3.jpg', '2018-11-22 07:41:14', '2019-06-24 09:19:08'),
(151, 3, 8, 'SULCADOR', 'SULCADOR 2 LINHAS, CIVEMASA.', '728108', 'CIVEMASA', '1', '1', '0.00', '2400.00', NULL, '15428942805bf6b2c8c88eb.jpg', '2018-11-22 07:44:41', '2019-06-24 09:35:32'),
(152, 3, 8, 'CHARRETE', 'CHARRETE DE MADEIRA, 1 EIXO, COM PNEUS.', '728429', 'S/M', '1', '1', '0.00', '500.00', NULL, '15428944195bf6b35304ec8.jpg', '2018-11-22 07:47:00', '2019-06-24 09:36:07'),
(153, 3, 8, 'ENGENHO', 'ENGENHO DE FAZER CALDO DE CANA COM MOTOR, SEM MARCA.', '728119', 'S/M', '1', '1', '0.00', '900.00', NULL, '15428946205bf6b41c8d2ed.jpg', '2018-11-22 07:50:21', '2019-06-24 09:36:42'),
(154, 3, 9, 'BOMBA DE LAVA JATO', 'BOMBA PARA LAVA JATO COMPLETA COM MOTOR, SEM MARCA.', '728383', 'S/M', '1', '1', '0.00', '1440.00', NULL, '15428947415bf6b495e8d63.jpg', '2018-11-22 07:52:23', '2019-06-27 17:14:09'),
(155, 3, 8, 'TANQUE', 'TANQUE JACTO, 2000 LITROS, SEM BOMBA, COM PNEUS.', '728197', 'JACTO', '0', '1', '0.00', '2000.00', NULL, '15428948705bf6b5163d96f.jpg', '2018-11-22 07:54:30', '2019-06-24 09:37:18'),
(156, 3, 9, 'CONJUNTO MOTO BOMBA', 'CONJUNTO BOMBA COM MOTOR SCANIA, COM CARRETA, 4 PNEUS, MOTOR SEM TURBINA.', '728384', 'SCANIA', '1', '1', '0.00', '8000.00', NULL, '15428951115bf6b6072f983.jpg', '2018-11-22 07:58:33', '2019-06-27 17:15:50'),
(157, 3, 9, 'SERRA ELETRICA', 'SERRA  ELETRICA INDUSTRIAL PARA FERRO, MALMO.', '728150', 'MALMO', '1', '1', '0.00', '5272.00', NULL, '15428958075bf6b8bf49106.jpg', '2018-11-22 08:10:08', '2019-06-27 17:16:49'),
(158, 3, 9, 'SERRA ELETRICA PARA FERRO', '01 SERRA  ELÉTRICA PARA FERRO, ERMAK,', '728147', 'ERMAK', '1', '1', '0.00', '2960.00', NULL, '15428959305bf6b93a2d5d3.jpg', '2018-11-22 08:12:11', '2019-07-04 17:00:57'),
(159, 3, 9, 'FURADEIRA ELETRICA', 'FURADEIRA DE BANCADA ELÉTRICA RADIAL, COM MORÇA, N08, RONI.', '728106', 'RONI', '1', '1', '0.00', '1230.00', NULL, '15428960705bf6b9c6459b4.jpg', '2018-11-22 08:14:31', '2019-06-27 17:18:31'),
(160, 3, 9, 'ESMERIL', 'CONJUNTO MOTO ESMERIL DE COLUNA, SEM MARCA.', '728125', 'S/M', '1', '1', '0.00', '555.00', NULL, '15428965885bf6bbcc9063c.jpg', '2018-11-22 08:23:09', '2019-06-27 17:19:48'),
(161, 3, 9, 'TORNO MECANICO', 'TORNO MECANICO, NARDINI, ND325.', '728120', 'NARDINI', '1', '1', '0.00', '17480.00', NULL, '15428967845bf6bc90392f4.jpg', '2018-11-22 08:26:25', '2019-06-27 17:20:34'),
(162, 3, 9, 'TORNO MECANICO', 'TORNO MECANICO,ROMI, MTPN.', '728101', 'ROMI', '1', '1', '0.00', '6555.00', NULL, '15429019455bf6d0b94927f.jpg', '2018-11-22 09:52:27', '2019-06-27 17:21:39'),
(163, 3, 9, 'RETIFICADOR', '08 RETIFICADOR, 04 SOLDA MIG, 02 SOLDA PLASMA.', '728111', 'BAMBOZE', '1', '1', '0.00', '14504.00', NULL, '15429020815bf6d14108a43.jpg', '2018-11-22 09:54:42', '2019-08-07 09:02:08'),
(164, 3, 9, 'MACACO HIDRAULICO', 'MACACO HIDRAULICO, TIPO GIRAFA, CAP.500 KG.', '728143', 'S/M', '1', '1', '0.00', '1380.00', NULL, '15429021925bf6d1b0b8ead.jpg', '2018-11-22 09:56:34', '2019-06-27 17:22:34'),
(165, 3, 21, 'MOVEIS', 'LOTE COM 8 MESAS MADEIRA, 21 CADEIRAS DE MADEIRAS, 12 CADEIRAS DE PLÁSTICOS, 01 TINA PARA 100 LITROS, 01 CHURRASQUEIRA A BAFO, 01 CHURRASQUEIRA INOX, 01 FORNO DE PÃO, 01 ARMÁRIO, 09 PREGUIÇOSAS.', '728184', 'MOVEIS', '1', '1', '0.00', '4199.00', NULL, '15430615195bf9400f3a210.jpg', '2018-11-22 10:01:28', '2019-07-04 16:46:34'),
(166, 3, 9, 'MOTOBOMBA', '02 MOTOBOMBAS, ELETRICAS, 145 CV, 01 PAINEL ELETRICO, 01 BOMBA PARA ESCORVAR.', '728100', 'S/M', '1', '1', '0.00', '9000.00', NULL, '15429026935bf6d3a51b171.jpg', '2018-11-22 10:04:54', '2019-06-27 17:23:28'),
(167, 3, 9, 'CARREGADOR DE BATERIA', 'CARREGADOR DE BATERIA, MIKI, 25 AMPERES, CM25.', '728105', 'MIKI', '1', '1', '0.00', '1427.00', NULL, '15429028215bf6d4252c1b4.jpg', '2018-11-22 10:07:02', '2019-06-27 17:24:08'),
(168, 3, 8, 'SCRAP', 'SCRAPER, ESCAVADOR DE TERRA', '728154', 'SCRAP', '1', '1', '0.00', '9000.00', NULL, '15429030625bf6d5165a308.jpg', '2018-11-22 10:11:03', '2019-06-24 09:38:14'),
(169, 3, 8, 'CALCARIADEIRA', 'CALCARIADEIRA, MASCHIETTO, 5.5 TONELADAS, COM PNEUS.', '728199', 'MASCHIETTO', '1', '1', '0.00', '2500.00', NULL, '15429033655bf6d645811f3.jpg', '2018-11-22 10:16:07', '2019-06-24 10:29:21'),
(170, 3, 8, 'ROÇADEIRA', 'ROÇADEIRA HIDRAULICA, SEM MARCA.', '728278', 'S/M', '1', '1', '0.00', '1800.00', NULL, '15429036295bf6d74d3d151.jpg', '2018-11-22 10:20:30', '2019-06-24 10:30:03'),
(171, 3, 9, 'CANO ALUMINIO', '126 BARRAS DE CANO ALUMINIO, 6¨, 42 VALVULAS 6¨.', '728265', 'S/M', '1', '1', '0.00', '9843.00', NULL, '15429038195bf6d80bb9311.jpg', '2018-11-22 10:23:40', '2019-06-27 17:24:57'),
(172, 3, 9, 'TUBOS GALVANIZADOS', '469 TUBOS GALVANIZADOS.', '728232', 'S/M', '1', '1', '0.00', '11840.00', NULL, '15429039195bf6d86f50b71.jpg', '2018-11-22 10:25:20', '2019-06-27 17:25:49'),
(173, 3, 8, 'ROÇADEIRA', 'ROÇADEIRA, SANTO EXPEDITO DE ARRASTO.', '728243', 'SANTO EXPEDITO', '1', '1', '0.00', '3990.00', NULL, '15429040585bf6d8fa30eb1.jpg', '2018-11-22 10:27:39', '2019-06-24 10:30:41'),
(174, 3, 8, 'DOLE', 'CONJUNTO DOLE, 01 EIXO, SEM A QUINTA RODA.', '728218', 'S/M', '1', '1', '0.00', '800.00', NULL, '15429334015bf74b99d1b57.jpg', '2018-11-22 10:29:47', '2019-06-24 10:36:29'),
(175, 3, 8, 'ROÇADEIRA', 'ROÇADEIRA, AVARE DE ARRASTO.', '728238', 'AVARE', '1', '1', '0.00', '3990.00', NULL, '15429042805bf6d9d8afff4.jpg', '2018-11-22 10:31:21', '2019-06-24 10:37:07'),
(176, 3, 8, 'CARRETINHA', 'CARRETINHA PARA TRANSPORTE DE CAN0S.', '728262', 'S/M', '1', '1', '0.00', '1600.00', NULL, '15429045885bf6db0c5e686.jpg', '2018-11-22 10:36:30', '2019-06-24 10:37:47'),
(177, 3, 8, 'ROLO COMPACTADOR', 'ROLO COMPACTADOR, TIPO PE DE CARNEIRO.', '728247', 'S/M', '1', '1', '0.00', '3325.00', NULL, '15429047735bf6dbc5543ae.jpg', '2018-11-22 10:39:34', '2019-06-24 10:38:51'),
(178, 3, 8, 'NIVELADORA', 'GRADE NIVELADORA, 40 DISCO.', '728208', 'S/M', '1', '1', '0.00', '3600.00', NULL, '15429049225bf6dc5a80b0a.jpg', '2018-11-22 10:42:04', '2019-06-24 10:39:30'),
(179, 3, 8, 'NIVELADORA', 'GRADE NIVELADORA, 44 DISCOS, SEM UMA SECÇÃO, SEM MARCA.', '728291', 'S/M', '1', '1', '0.00', '3000.00', NULL, '15429051295bf6dd29a7bb8.jpg', '2018-11-22 10:45:32', '2019-06-24 10:40:00'),
(180, 3, 8, 'SUBSOLADOR', 'SUBSOLADOR, 7 HASTES, STARA.', '728250', 'STARA', '1', '1', '0.00', '6062.00', NULL, '15429052605bf6ddac23c35.jpg', '2018-11-22 10:47:43', '2019-06-24 10:40:47'),
(181, 3, 8, 'SUBSOLADOR', 'SUBSOLADOR, 7 HASTES, STARA.', '728258', 'STARA', '1', '1', '0.00', '6062.00', NULL, '15429053685bf6de1806fbf.jpg', '2018-11-22 10:49:30', '2019-06-24 10:41:26'),
(182, 3, 8, 'GRADE ARADORA', 'GRADE ARADORA, 28 DISCOS, INTERMEDIARIA.', '728224', 'S/M', '0', '1', '0.00', '4000.00', NULL, '15429055045bf6dea03ca44.jpg', '2018-11-22 10:51:45', '2019-06-27 09:25:40'),
(183, 3, 8, 'GRADE ARADORA', 'GRADE ARADORA SUPER PESADA, CIVEMASA.', '728257', 'CIVEMASA', '1', '1', '0.00', '8000.00', NULL, '15429057155bf6df73f1e6c.jpg', '2018-11-22 10:55:17', '2019-06-27 09:26:13'),
(184, 3, 8, 'GRADE ARADORA', 'GRADE ARADORA, INTERMEDIARIA, 24 DISCOS.', '728242', 'S/M', '1', '1', '0.00', '5000.00', NULL, '15429058655bf6e00936dce.jpg', '2018-11-22 10:57:47', '2019-06-27 09:26:43'),
(185, 3, 8, 'PRANCHA', 'CARRETA PRANCHA, TRIVELATO, ANO 1967, PLACA HQN-7396.', '728191', 'TRIVELATO', '0', '1', '0.00', '11400.00', NULL, '15429060855bf6e0e5a5cf8.jpg', '2018-11-22 11:01:26', '2019-01-08 05:33:27'),
(186, 3, 8, 'TANQUE', 'CARRETA TANQUE, 35000 LITROS, GUERRA, ANO 1988, PLACA JYY-2037.', '728112', 'GUERRA', '0', '1', '0.00', '11640.00', NULL, '15429062145bf6e166481c0.jpg', '2018-11-22 11:03:35', '2019-01-08 05:36:26'),
(187, 3, 8, 'JULIETA', 'JULIETA, NORDESTE, ANO 1998, PLACA MUF-1691.', '728189', 'NORDESTE', '0', '1', '0.00', '9957.00', NULL, '15429067035bf6e34f94258.jpg', '2018-11-22 11:11:44', '2019-01-08 07:39:04'),
(188, 3, 8, 'JULIETA', 'JULIETA, RODOVIÁRIA, ANO 1998, PLACA COG-0125.', '728190', 'RODOVIARIA', '0', '1', '0.00', '9957.00', NULL, '15429068285bf6e3cc5fbdd.jpg', '2018-11-22 11:13:50', '2019-05-02 16:09:53'),
(189, 3, 8, 'CARRETA', 'CARRETA, GUERRA, BASCULANTE, ANO1986, PLACA JYL-0611.', '728277', 'GERRA', '0', '1', '0.00', '11400.00', NULL, '15429073465bf6e5d2086fa.jpg', '2018-11-22 11:22:27', '2019-01-08 05:41:36'),
(190, 3, 8, 'JULIETA', 'JULIETA, SEM MARCA, SEM PLACA.', '728274', 'JULIETA', '0', '1', '0.00', '9476.00', NULL, '15429081265bf6e8de14cfb.jpg', '2018-11-22 11:35:27', '2019-01-08 07:41:56'),
(191, 3, 8, 'CARRETA MADEIRA', 'CARRETA BOIADEIRA, MADEIRA, 1 EIXO, COM PNEUS PARA TRATOR.', '728157', 'S/M', '1', '1', '0.00', '800.00', NULL, '15429089365bf6ec08289ea.jpg', '2018-11-22 11:48:58', '2019-01-08 05:45:09'),
(192, 3, 9, 'EXTINTOR', '54 EXTINTORES, DIVERSAS CAPACIDADES, TODOS VENCIDOS.', '728589', 'S/M', '1', '1', '0.00', '4455.00', NULL, '15429090995bf6ecab3e50f.jpg', '2018-11-22 11:51:40', '2019-06-27 17:26:30'),
(193, 3, 9, 'BALANÇA', 'BALANÇA RODOVIARIA.', '728455', 'S/M', '1', '1', '0.00', '16650.00', NULL, '15429096005bf6eea054c51.jpg', '2018-11-22 12:00:04', '2019-06-27 17:27:12'),
(194, 3, 11, 'HILO TOMBADOR', 'HILO TOMBADOR DE CAMINHOES COM CANA.', '728470', 'S/M', '1', '1', '0.00', '0.00', '', '15429133335bf6fd350daf1.jpg', '2018-11-22 13:02:13', '2018-11-22 13:02:13'),
(195, 3, 11, 'PONTE ROLANTE', '02 PONTES ROLANTES PARA DESCARGAS.', '728425', 'S/M', '1', '1', '0.00', '0.00', '', '15429134605bf6fdb46520a.jpg', '2018-11-22 13:04:20', '2018-11-22 13:04:20'),
(196, 3, 11, 'PICADOR DE CANA', 'HILO DE DESCARGA, ESTEIRA ALIMENTADORA 45 GRAU, ESTEIRA DE LIMPEZA CUXE CUXE.', '728578', 'S/M', '1', '1', '0.00', '0.00', '', '15429136675bf6fe833bc79.jpg', '2018-11-22 13:07:48', '2018-11-22 13:07:48'),
(197, 3, 11, 'ESTEIRAO', '01 ESTEIRAO.', '728424', 'S/M', '1', '1', '0.00', '0.00', '', '15429137875bf6fefbe6429.jpg', '2018-11-22 13:09:49', '2018-11-22 13:09:49'),
(198, 3, 11, 'DESFIBRADOR', 'DESFIBRADOR', '728400', 'S/M', '1', '1', '0.00', '0.00', '', '15429138595bf6ff43e49d9.jpg', '2018-11-22 13:11:01', '2018-11-22 13:11:01'),
(199, 3, 11, 'CONJUNTO DE TRAÇÃO', 'CONJUNTO DE TRAÇÃO DO ESTEIRAO QUE VEM DA RECEPÇÃO DA CANA.', '728469', 'S/M', '1', '1', '0.00', '0.00', '', '15429139815bf6ffbd6be57.jpg', '2018-11-22 13:13:02', '2018-11-22 13:13:02'),
(200, 3, 11, 'ELETR0IMA', 'ELETROIMA COM ESTEIRA.', '728471', 'S/M', '1', '1', '0.00', '0.00', '', '15429141165bf70044a010e.jpg', '2018-11-22 13:15:17', '2018-11-22 13:15:17'),
(201, 3, 11, 'MOENDA', '04 CONJUNTO DE MOEDAS, COM PENEIRAS E PAINEL DE CONTROLE.', '728438', 'S/M', '1', '1', '0.00', '0.00', '', '15429142115bf700a388263.jpg', '2018-11-22 13:16:52', '2018-11-22 13:16:52'),
(202, 3, 11, 'CALDEIRA', '01 CALDEIRA COM CAPACIDADE 65 T/H DE VAPOR, COM 01 ESTEIRA DE ENTRADA E OUTRA DE RETORNO COM PAINEL DE COMANDO.', '728422', 'S/M', '1', '1', '0.00', '0.00', '', '15429143575bf701353f691.jpg', '2018-11-22 13:19:19', '2018-11-22 13:19:19'),
(203, 3, 11, 'DECANTADOR', 'DECANTADOR COM 3 CILINDROS, 3 FILTROS, COM PAINEL DE CONTROLE.', '728486', 'S/M', '1', '1', '0.00', '0.00', '', '15429151925bf704781de32.jpg', '2018-11-22 13:33:13', '2018-11-22 13:33:13'),
(204, 3, 11, 'CASA DE FORÇA', 'CASA DE FORÇA COM CONJUNTOS DE PAINEIS DE COMANDOS.', '728442', 'S/M', '1', '1', '0.00', '0.00', '', '15429153065bf704eabd4cb.jpg', '2018-11-22 13:35:07', '2018-11-22 13:35:07'),
(205, 3, 9, 'ESCADA', '01 ESCADA DE FIBRA, 8 METROS.', '728468', 'S/M', '1', '1', '0.00', '769.00', NULL, '15429154085bf705509f8d6.jpg', '2018-11-22 13:36:49', '2019-07-03 12:42:46'),
(206, 3, 11, 'ETA', 'ETA- ESTAÇÃO DE TRATAMENTO DE AGUA COM 3 TANQUES DE AGUA ABRANDADA, CLARIFICADA E BRUTA.', '728417', 'S/M', '1', '1', '0.00', '0.00', '', '15429157085bf7067c6ad1f.jpg', '2018-11-22 13:41:49', '2018-11-22 13:41:49'),
(207, 3, 11, 'DESTILAÇÃO', 'UNIDADE DE DESTILAÇÃO.', '728444', 'S/M', '1', '1', '0.00', '0.00', '', '15429159665bf7077eac0af.jpg', '2018-11-22 13:46:06', '2018-11-22 13:46:06'),
(208, 3, 16, 'MATERIAL ELETRICO', 'PRATELEIRA COM ISOLADORES, PARA RAIOS DE ALTA TENSÃO.', '728367', 'S/M', '1', '1', '0.00', '1110.00', NULL, '15429167395bf70a83457e6.jpg', '2018-11-22 13:59:00', '2019-07-03 12:00:13'),
(209, 3, 16, 'TRANSFORMADOR', '01 TRANSFORMADOR DE 17,5 KVA, SACE', '728343', 'SACE', '1', '1', '0.00', '1757.00', NULL, '15429171605bf70c283a408.jpg', '2018-11-22 14:06:01', '2019-07-03 12:02:01'),
(210, 3, 16, 'TRANSFORMADOR', '01 TRANSFORMADOR DE 5 KVA.', '728302', 'S/M', '1', '1', '0.00', '1230.00', NULL, '15429172545bf70c86e7155.jpg', '2018-11-22 14:07:35', '2019-07-03 12:02:49'),
(211, 3, 16, 'FILTRO', 'PRATELEIRA 12, CONTENDO FILTROS, BORRACHAS PARA EMBUCHAMENTOS, PEÇAS ELETRICAS.', '728388', 'S/M', '1', '1', '0.00', '1008.00', NULL, '15429174015bf70d1989b27.jpg', '2018-11-22 14:10:03', '2019-07-03 12:03:31'),
(212, 3, 16, 'PEÇAS', 'PRATELEIRA 13, PEÇAS MF, BORRACHAS, JUNTAS, BOMBAS, TERMINAIS DE DIREÇÃO, TAMPAS DE RADIADORES, 12 MOTORES DE PARTIDAS, CANOS DE DIESEL, 12 ALTERNADORES.', '728349', 'S/M', '1', '1', '0.00', '7190.00', NULL, '15429175815bf70dcda041e.jpg', '2018-11-22 14:13:03', '2019-07-03 12:04:10'),
(213, 3, 16, 'PEÇA', 'PRATELEIRA 14, PEÇAS PLANTADEIRAS, LIMPADORES DE DISCOS, PINOS, SULCADORES, ENGRENAGENS, VEDANTES, MANGUEIRAS ANTI INCENDIO.', '728307', 'S/M', '1', '1', '0.00', '1636.00', NULL, '15429177585bf70e7e0e29e.jpg', '2018-11-22 14:15:59', '2019-07-03 12:04:44'),
(214, 3, 16, 'PEÇAS', 'PRATELEIRA 15, PEÇAS DE PLANTADEIRAS, PROTETORES DE CÂMERAS, 02 PROPULSORAS, 01 BOMBA DE DIESEL MANUAL.', '728597', 'S/M', '1', '1', '0.00', '2318.00', NULL, '15429178845bf70efccbb1b.jpg', '2018-11-22 14:18:05', '2019-07-03 12:05:21'),
(215, 3, 9, 'DEBULHADOR', 'DEBULHADOR DE MILHO COM MOTOR.', '728300', 'S/M', '1', '1', '0.00', '1884.00', NULL, '15429182425bf71062db2a6.jpg', '2018-11-22 14:24:03', '2019-07-03 12:42:16'),
(216, 3, 16, 'PEÇAS', 'PRATELEIRA16, MANGUEIRAS HIDRAULICAS, PEÇAS DE PLANTADEIRAS.', '728390', 'S/M', '1', '1', '0.00', '1455.00', NULL, '15429183555bf710d345383.jpg', '2018-11-22 14:25:56', '2019-07-04 07:30:04'),
(218, 3, 16, 'PEÇAS', 'LOTE DE MANCAIS DE GRADES ARADORA, 02 ROLETES DE ESTEIRAS.', '728584', 'S/M', '1', '1', '0.00', '1023.00', NULL, '15429186215bf711dd3f6f1.jpg', '2018-11-22 14:30:22', '2019-07-03 12:07:20'),
(219, 3, 16, 'EQUIPAMENTO DE LUBRIFICAÇÃO', 'EQUIPAMENTO DE LUBRIFICAÇÃO. ESCORREDOR DE FUNIL, 02 ENGRACHADEIRAS, 01 BOMBA DE OLEO, 02 GALÃO AFERIDOR.', '728510', 'S/M', '1', '1', '0.00', '980.00', NULL, '15429187565bf7126431850.jpg', '2018-11-22 14:32:37', '2019-06-27 17:04:34'),
(220, 3, 16, 'EQUIPAMENTO', 'ESTAÇÃO DE FILTRAGEM DE DIESEL COM MOTOR.', '728310', 'S/M', '1', '1', '0.00', '1295.00', NULL, '15429188935bf712ed971ef.jpg', '2018-11-22 14:34:54', '2019-07-03 12:07:55'),
(221, 3, 16, 'PEÇAS', '01 VALVULA DE SEGURANÇA DE CALDEIRA, 01 REGISTRO DE GAVETA 150MM, 01 CANHAO ASPERSOR.', '728374', 'S/M', '1', '1', '0.00', '1110.00', NULL, '15429190145bf713665ec39.jpg', '2018-11-22 14:36:56', '2019-07-03 12:08:51'),
(222, 3, 16, 'TANQUE INOX', '34 TANQUES INOX PARA PULVERIZADORES COSTAL, MARTINELI.', '728530', 'MARTINELI', '1', '1', '0.00', '1850.00', NULL, '15429191275bf713d74b5f0.jpg', '2018-11-22 14:38:48', '2019-07-03 12:10:08'),
(223, 3, 16, 'PEÇAS', 'CHAPA GALVANIZADA, 01 ROLO DE PENEIRAS, CHAPAS INOX.', '728396', 'S/M', '1', '1', '0.00', '920.00', NULL, '15429192425bf7144aee4ce.jpg', '2018-11-22 14:40:43', '2019-07-03 12:10:56'),
(224, 3, 16, 'PEÇAS', '01 VALVULA BORBOLETA, 03 SARGENTO, 01 VÁLVULA 2¨.', '728592', 'S/M', '1', '1', '0.00', '909.00', NULL, '15429193525bf714b8ea4c1.jpg', '2018-11-22 14:42:34', '2019-07-03 12:11:59'),
(225, 3, 16, 'PEÇAS', '01 EXAUSTOR , CX DE CAMBIO MB, 02 LUVAS DA CALDEIRA, POLIAS, REDUTORES, 01 MANCAL.', '728582', 'S/M', '1', '1', '0.00', '4370.00', NULL, '15429196985bf71612b4699.jpg', '2018-11-22 14:48:19', '2019-07-03 12:12:32'),
(226, 3, 16, 'PEÇAS', 'LOTE DE CORREIAS TRANSPORTADORAS.', '728513', 'S/M', '1', '1', '0.00', '1680.00', NULL, '15429197935bf716711d939.jpg', '2018-11-22 14:49:54', '2019-07-03 12:13:21'),
(227, 3, 16, 'PEÇAS', '01 BICO SULCADOR, BEIJA FLOR.', '728386', 'BEIJA FLOR', '1', '1', '0.00', '2376.00', NULL, '15429198835bf716cb9305c.jpg', '2018-11-22 14:51:25', '2019-07-03 12:13:56'),
(228, 3, 16, 'EQUIPAMENTO', 'QUADRO DE COMANDO, 01 APARELHO DE SAUNA.', '728325', 'S/M', '1', '1', '0.00', '1727.00', NULL, '15429199885bf7173482d8f.jpg', '2018-11-22 14:53:10', '2019-07-03 12:14:47'),
(229, 3, 16, 'PEÇAS', 'MANGUEIRAS PARA LAVA JATO.', '728350', 'S/M', '1', '1', '0.00', '100.00', NULL, '15429200875bf71797c4f43.jpg', '2018-11-22 14:54:49', '2019-07-03 12:15:22'),
(230, 3, 16, 'CLORO', '03 TAMBOR DE 50 KG DE CLORO.', '728314', 'S/M', '1', '1', '0.00', '1156.00', NULL, '15429201865bf717fa8bfee.jpg', '2018-11-22 14:56:27', '2019-07-03 12:16:00'),
(231, 3, 16, 'CABOS ELETRICOS', 'LOTE DE CABOS ELÉTRICOS DIVERSAS BITOLAS.', '728345', 'S/M', '1', '1', '0.00', '2289.00', NULL, '15429202825bf7185ac2b91.jpg', '2018-11-22 14:58:04', '2019-07-03 12:16:43'),
(232, 3, 16, 'EQUIPAMENTO', '01 CARRINHO PARA OXIGENIO, 01 CARRINHO PARA TRANSPORTAR PESO, 02 CARRINHOS PARA BALDES DE OLEO, 01 MAQUINA DE CORTAR GRAMA.', '728397', 'S/M', '1', '1', '0.00', '703.00', NULL, '15429204245bf718e85f6f2.jpg', '2018-11-22 15:00:25', '2019-07-03 12:17:16'),
(233, 3, 16, 'PEÇAS', '01 FILTRO DE DESTILARIA, 01 LONA DE CAMINHÃO.', '728315', 'S/M', '1', '1', '0.00', '750.00', NULL, '15429729785bf7e632d4f94.jpg', '2018-11-22 15:01:52', '2019-07-03 12:17:57'),
(235, 3, 16, 'CABO DE AÇO', 'LOTE DE CABO DE AÇO DE 1/2¨, 3/4¨, 1¨.', '728564', 'S/M', '1', '1', '0.00', '909.00', NULL, '15429207435bf71a27e2751.jpg', '2018-11-22 15:05:45', '2019-07-03 12:18:44'),
(236, 3, 16, 'CANOS', '35 BARRAS DE CANOS PARA IRRIGAÇÃO PVC, 75MM.', '728389', 'S/M', '1', '1', '0.00', '1052.00', NULL, '15429208745bf71aaae8f17.jpg', '2018-11-22 15:07:56', '2019-07-03 12:19:25'),
(237, 3, 16, 'GRAXA', '280 KG DE GRAXA, 400 LITROS DE LUBRIFICANTES PARA MOTOR, 200 LITROS DE FLUIDOS PARA RADIADOR.', '728380', 'S/M', '1', '1', '0.00', '3515.00', NULL, '15429210055bf71b2def995.jpg', '2018-11-22 15:10:07', '2019-07-03 12:19:58'),
(238, 3, 16, 'PEÇA', '02 TANQUES DE 600 LITROS, JACTO.', '728559', 'JACTO', '1', '1', '0.00', '740.00', NULL, '15429211175bf71b9dab541.jpg', '2018-11-22 15:11:58', '2019-07-03 12:20:36'),
(242, 3, 16, 'EQUIPAMENTO', 'LOTE COM 13 CILINDROS DE OXIGENO, 03 CASCO P45, 01 CILINDRO DE GÁS PARA AR CONDICIONADO, 01 CILINDRO DE ACETILENO, 01 CARRINHO DE CARREGAR CILINDRO.', '728323', 'S/M', '1', '1', '0.00', '6440.00', NULL, '15429221695bf71fb90ed8e.jpg', '2018-11-22 15:29:29', '2019-07-03 12:21:29'),
(245, 3, 16, 'DESTILARIA', '01 MICRO DESTILARIA PARA AGUARDENTE.', '728373', 'S/M', '1', '1', '0.00', '3700.00', NULL, '15429225395bf7212b15d15.jpg', '2018-11-22 15:35:40', '2019-07-03 12:22:12'),
(246, 3, 16, 'EPI', 'LOTE DE EPI USADOS, CAPACETES, BOTAS, CINTO DE SEGURANÇA, GARRAFAS, CORRENTES DE PLASTICOS, OCULOS, MASCARAS DE SOLDAS, AVENTAIS DE RASPA, MANGA DE RASPA, CARNEIRAS.', '728498', 'S/M', '1', '1', '0.00', '600.00', NULL, '15429228795bf7227f17d52.jpg', '2018-11-22 15:41:20', '2019-07-03 12:22:51'),
(247, 3, 16, 'OFICINA', 'QUADRO DE COMANDO.', '728454', 'S/M', '1', '1', '0.00', '1757.00', NULL, '15429229975bf722f58e5ff.jpg', '2018-11-22 15:43:18', '2019-07-03 12:23:24'),
(248, 3, 16, 'PEÇAS', '02 PRATELEIRAS CONTENDO PEÇAS E PARAFUSOS USADOS.', '728437', 'S/M', '1', '1', '0.00', '740.00', NULL, '15429231125bf7236861116.jpg', '2018-11-22 15:45:13', '2019-07-03 12:23:57');
INSERT INTO `products` (`id`, `companies_id`, `groups_id`, `title`, `description`, `tag`, `model`, `situation`, `status`, `price`, `evaluation`, `observation`, `img_path`, `created_at`, `updated_at`) VALUES
(249, 3, 16, 'EQUIPAMENTO', 'MESA DE AÇO COM MORÇA E VENTILADOR.', '728430', 'S/M', '1', '1', '0.00', '555.00', NULL, '15429232055bf723c5b1b19.jpg', '2018-11-22 15:46:46', '2019-07-03 12:24:28'),
(250, 3, 16, 'EQUIPAMENTO', '01 ESMERIL DE COLUNA.', '728473', 'S/M', '1', '1', '0.00', '555.00', NULL, '15429232935bf7241d5e7b0.jpg', '2018-11-22 15:48:14', '2019-07-03 12:25:09'),
(251, 3, 16, 'REFRIGERAÇÃO', 'LOTE DE EQUIPAMENTOS DE REFRIGERAÇÃO, BEBEDOUROS INOX, 01 FREEZER 400L ELECTROLUX 2 PORTAS, 03 GELADEIRA DUPLEX BRASTEMP, 01 FREEZER HORIZONTAL CASA SEDE, 02 FRIGOBAR.', '728458', 'S/M', '1', '1', '0.00', '4070.00', NULL, '15429234405bf724b01b6f5.jpg', '2018-11-22 15:50:40', '2019-08-07 07:59:01'),
(252, 3, 16, 'ADUBOS', '40 BAG DE ADUBOS 05.20.20 COM ANALISE.', '728495', 'S/M', '1', '1', '0.00', '44000.00', NULL, '15429741765bf7eae054e5c.jpg', '2018-11-22 15:55:19', '2019-07-03 12:28:08'),
(253, 3, 16, 'MOTOR ELETRICO', 'LOTE COM 49 MOTORES ELÉTRICOS, DIVERSAS POTENCIAS.', '728371', 'S/M', '1', '1', '0.00', '26220.00', NULL, '15429238215bf7262d90add.jpg', '2018-11-22 15:57:02', '2019-07-05 08:29:19'),
(254, 3, 9, 'PRENSA ', '01 PRESA HIDRAULICA, SIWA, 150 TONELADA.', '728123', 'SIWA', '1', '1', '0.00', '10800.00', NULL, '15429240165bf726f0ea43b.jpg', '2018-11-22 16:00:17', '2019-07-05 08:46:22'),
(255, 3, 16, 'TRANSFORMADOR', '02 TRANSFORMADORES DE 150 E 112 KVA.', '728453', 'S/M', '1', '1', '0.00', '7733.00', NULL, '15429241985bf727a654b80.jpg', '2018-11-22 16:03:19', '2019-07-03 12:29:23'),
(256, 3, 16, 'PEÇAS', 'PRATELEIRA 02, BICOS DE MAÇARICOS, ELETRODOS, ARAME PARA MIG, ESCOVAS, LIXAS, DISCO DE CORTES E DESBASTES, ROTORES, VENTILADORES DE MOTOR, PARA RAIOS, DISJUNTORES, RELES, BRAÇADEIRAS, CONECTORES, FIOS, MANOMETROS.', '728529', 'S/M', '1', '1', '0.00', '2109.00', NULL, '15429246215bf7294d92736.jpg', '2018-11-22 16:10:22', '2019-07-03 12:30:09'),
(257, 3, 16, 'PEÇAS', 'PRATELEIRA 01, CONDUITES, ADAPTADORES, CONECTORES, BRAÇADEIRAS, TRANSFORMADORES, REATORES, BOCAIS, DISJUNTORES, CONTACTORES, TOMADAS, FUZIVEIS.', '728583', 'S/M', '1', '1', '0.00', '1480.00', NULL, '15429248635bf72a3f26498.jpg', '2018-11-22 16:14:24', '2019-07-03 12:30:41'),
(258, 3, 16, 'FERRAMENTAS', 'PAINEL COM FERRAMENTAS, PAQUÍMETROS, CHAVES COMBINADAS, SOQUETES, CHAVE DE GRIFO, REBITADEIRA, ARCO DE SERRA, CABO DE FORÇA, CORCINITES, SERROTES, ESQUADROS, CATRACAS, EXTENSÕES.', '728503', 'S/M', '1', '1', '0.00', '809.00', NULL, '15429250735bf72b11ea0d2.jpg', '2018-11-22 16:17:54', '2019-07-03 12:31:56'),
(259, 3, 16, 'PEÇAS', 'PRATELEIRA 03, RETENTORES, VEDADORES, GAXETAS, POLIAS, ACLOPAMENTOS, BUCHAS.', '728569', 'S/M', '1', '1', '0.00', '2003.00', NULL, '15429252405bf72bb835683.jpg', '2018-11-22 16:20:41', '2019-07-04 17:30:47'),
(260, 3, 16, 'EQUIPAMENTO', 'LOTE COM 05 TALHAS, 02 MOITÃO.', '728525', 'S/M', '1', '1', '0.00', '2003.00', NULL, '15429255405bf72ce4169bb.jpg', '2018-11-22 16:25:41', '2019-07-04 17:30:11'),
(261, 3, 16, 'MATERIAL HIDRAULICO', 'PRATELEIRA 05 COM MATERIAIS HIDRÁULICOS, REGISTROS, REDUÇÕES, LUVAS, Ts METÁLICOS, CHUVEIROS, TORNEIRAS, ROLOS DE PINTURAS.', '728542', 'S/M', '1', '1', '0.00', '2003.00', NULL, '15429256855bf72d75ce20d.jpg', '2018-11-22 16:28:06', '2019-07-04 17:28:43'),
(262, 3, 16, 'BALANÇA', 'LOTE COM 05 BALANÇAS ELETRÔNICA E MANUAL DE BALCÃO.', '728501', 'S/M', '1', '1', '0.00', '1000.00', NULL, '15429258905bf72e42dd0e9.jpg', '2018-11-22 16:31:32', '2019-07-04 17:26:24'),
(263, 3, 16, 'MANGUEIRAS', 'PRAT. 06/16 LOTE COM MANGUEIRAS HIDRÁULICAS, REGISTROS IND, BORRACHAS DE PRESSÃO, SERRA CIRCULAR, CONDUÍTES, CORREIAS INDUSTRIAIS.', '728504', 'S/M', '1', '1', '0.00', '2504.00', NULL, '15429260595bf72eeb003d6.jpg', '2018-11-22 16:34:20', '2019-07-30 10:38:42'),
(264, 3, 16, 'EQUIPAMENTO', 'PAINEL ELETRICO CEMAR.', '728526', 'CEMAR', '1', '1', '0.00', '751.00', NULL, '15429261645bf72f54925e8.jpg', '2018-11-22 16:36:05', '2019-07-04 17:21:47'),
(266, 3, 16, 'PEÇAS', 'PRATELEIRAS 07/09, PORCAS, PARAFUSOS, ARRUELAS.', '728507', 'S/M', '1', '1', '0.00', '2504.00', NULL, '15429265555bf730dbac510.jpg', '2018-11-22 16:42:36', '2019-07-04 17:19:48'),
(267, 3, 16, 'TELAS', 'LOTE COM 04 ROLOS DE TELAS.', '728538', 'S/M', '1', '1', '0.00', '605.00', NULL, '15429267155bf7317b58fc9.jpg', '2018-11-22 16:45:16', '2019-07-04 17:18:54'),
(268, 3, 16, 'TIJOLOS REFRATÁRIOS', 'LOTE COM 450 TIJOLOS REFRATÁRIOS.', '728543', 'S/M', '1', '1', '0.00', '740.00', NULL, '15429268115bf731dbca6b9.jpg', '2018-11-22 16:46:52', '2019-07-04 17:18:07'),
(269, 3, 16, 'MOTOR ELETRICO', 'LOTE COM 22MOTORES ELÉTRICOS DIVERSAS POTENCIAS.', '728574', 'S/M', '1', '1', '0.00', '11145.00', NULL, '15429269625bf73272ebf8a.jpg', '2018-11-22 16:49:23', '2019-07-04 17:17:06'),
(270, 3, 16, 'BOMBA', '01 BOMBA DE LAVA JATO COMPLETA, 03 PISTÃO COM MOTOR.', '728588', 'S/M', '1', '1', '0.00', '1440.00', NULL, '15429270595bf732d36655f.jpg', '2018-11-22 16:51:00', '2019-07-04 17:16:10'),
(271, 3, 16, 'VENTILADOR', 'LOTE COM 15 VENTILADORES DE PAREDES.', '728594', 'S/M', '1', '1', '0.00', '1581.00', NULL, '15429272455bf7338d2123a.jpg', '2018-11-22 16:54:06', '2019-07-04 17:15:11'),
(272, 3, 16, 'EQUIPAMENTO', 'FERRAMENTAS DE CAPINAS E FACÕES, ENXADAS, ENXADÕES, FOICES, PICARETAS, CAVADEIRAS.', '728550', 'S/M', '1', '1', '0.00', '450.00', NULL, '15429273965bf73424abf41.jpg', '2018-11-22 16:56:37', '2019-06-27 17:10:12'),
(273, 3, 16, 'DISCOS', 'LOTE COM DISCOS DE GRADES ARADORA E NIVELADORA.', '728587', 'S/M', '1', '1', '0.00', '9200.00', NULL, '15429275025bf7348ebcb94.jpg', '2018-11-22 16:58:24', '2019-07-04 17:14:29'),
(274, 3, 16, 'GARRAFAS', 'LOTE COM CAIXAS DE GARRAFAS TÉRMICAS NOVA.', '728579', 'S/M', '1', '1', '0.00', '1610.00', NULL, '15429276035bf734f3112d1.jpg', '2018-11-22 17:00:07', '2019-07-04 17:13:37'),
(275, 3, 16, 'MAQUINA DE COSTURA', '02 MAQUINAS DE COSTURA INDUSTRIAL E NORMAL YAMATA.', '728556', 'YAMATA', '1', '1', '0.00', '878.00', NULL, '15429277405bf7357c0d6f2.jpg', '2018-11-22 17:02:21', '2019-07-04 17:12:51'),
(276, 3, 16, 'FERRAMENTAS ELETRICAS', 'LOTE DE MAQUINAS ELÉTRICAS COM, CHURRASQUEIRA ELÉTRICA, LIXADEIRA, FURADEIRA, BROCA, RETIFICA, SERRA MÁRMORE, CIRCULAR, CHAVE PNEUMÁTICA, 02 JG DE SOQUETE LEVE, 02 JG DE SOQUETE PESADO, TERMÔMETRO.', '728524', 'S/M', '1', '1', '0.00', '2289.00', NULL, '15429282475bf737773a5df.jpg', '2018-11-22 17:10:48', '2019-07-30 10:42:27'),
(277, 3, 16, 'FERRAMENTA', 'LOTE COM 20 CAIXAS COM FERRAMENTAS.', '728596', 'S/M', '1', '1', '0.00', '3005.00', NULL, '15429283555bf737e38e5c8.jpg', '2018-11-22 17:12:37', '2019-07-04 17:10:12'),
(278, 3, 16, 'MOTOBOMBA', '01 MOTOBOMBA 2¨COM MOTOR.', '728580', 'S/M', '1', '1', '0.00', '1364.00', NULL, '15429284605bf7384c96c42.jpg', '2018-11-22 17:14:21', '2019-07-04 17:09:27'),
(279, 3, 16, 'CADEIRAS', 'LOTE COM 09 ESPREGUIÇADEIRA DE MADEIRA, 27 CADEIRAS DE PLÁSTICOS.', '728516', 'S/M', '1', '1', '0.00', '925.00', NULL, '15429286405bf7390008fd9.jpg', '2018-11-22 17:17:21', '2019-07-04 17:08:47'),
(280, 3, 16, 'PEÇAS', 'LOTE DE PISTOES HIDRAULICOS.', '728568', 'S/M', '1', '1', '0.00', '3637.00', NULL, '15429287615bf7397957ad4.jpg', '2018-11-22 17:19:22', '2019-07-04 17:07:40'),
(281, 3, 9, 'COMPRESSOR', 'LOTE COM 04  COMPRESSORES DE  02 CABEÇOTES E 01  CABEÇOTE COM 03 PISTÕES, TODOS COM MOTOR ELÉTRICO.', '728391', 'S/M', '1', '1', '0.00', '11840.00', NULL, '15429296435bf73ceb2e4be.jpg', '2018-11-22 17:34:04', '2019-07-30 10:33:50'),
(484, 4, 20, 'MOVEIS', 'MESAS DE TELEFONE,12  BALCÕES  E ESCRIVANINHAS TIPO CEREJEIRA.', '728856', 'BALCÃO', '1', '1', '0.00', '0.00', NULL, '15651061815d49a00561462.jpg', '2019-08-06 10:11:47', '2019-08-06 10:43:01'),
(285, 3, 9, 'TRITURADOR', '01 TRITURADOR DE MILHO COM MOTOR.', '728398', 'S/M', '1', '1', '0.00', '1884.00', NULL, '15429301645bf73ef49d54b.jpg', '2018-11-22 17:42:45', '2019-07-05 08:48:03'),
(286, 3, 9, 'POLICORTE', '01 POLICORTE COM MOTOR E CAVALETE.', '728382', 'S/M', '1', '1', '0.00', '454.00', NULL, '15429302685bf73f5cb6bfb.jpg', '2018-11-22 17:44:29', '2019-07-05 08:48:37'),
(287, 3, 9, 'MACACO', 'MACACO GIRAFA, CAPACIDADE 500KG.', '728149', 'S/M', '1', '1', '0.00', '1380.00', NULL, '15429304585bf7401a75d22.jpg', '2018-11-22 17:47:39', '2019-07-05 08:49:09'),
(288, 3, 9, 'TRATADOR DE SEMENTE', '01 TRATADOR DE SEMENTE COM MOTOR.', '728381', 'S/M', '1', '1', '0.00', '666.00', NULL, '15429305555bf7407b2d7e9.jpg', '2018-11-22 17:49:16', '2019-07-04 16:58:24'),
(289, 3, 9, 'MAQUINA DE ARROZ', '01 MAQUINA DE BENEFICIAR ARROZ, DESMONTADA.', '728399', 'S/M', '1', '1', '0.00', '4000.00', NULL, '15429306605bf740e442425.jpg', '2018-11-22 17:51:01', '2019-07-04 16:57:39'),
(290, 3, 9, 'SERRARIA', '01 SERRARIA PICAPAU DESMONTADA.', '728376', 'S/M', '1', '1', '0.00', '3600.00', NULL, '15651907135d4aea39d92bc.jpg', '2018-11-22 17:54:24', '2019-08-07 10:11:53'),
(291, 3, 9, 'CILINDRO', 'CONJUNTO DE SOLDA OXIGENIO E ACETILENO COM CARRINHO.', '728309', 'S/M', '1', '1', '0.00', '1591.00', NULL, '15429317805bf745443de1a.jpg', '2018-11-22 18:09:41', '2019-07-03 12:38:13'),
(292, 3, 9, 'ESMERIL', '01 ESMERIL DE COLUNA COM MOTOR BAMBOZZI, 1,5CV.', '728109', 'BAMBOZZI', '1', '1', '0.00', '555.00', NULL, '15429325405bf7483c832b6.jpg', '2018-11-22 18:22:21', '2019-07-03 12:37:43'),
(293, 3, 9, 'MOTOR', 'MOTOR SCANIA, SEM GERADOR NO CHASSI.', '728351', 'SCANIA', '1', '1', '0.00', '16451.00', NULL, '15429326605bf748b471828.jpg', '2018-11-22 18:24:21', '2019-07-03 12:37:14'),
(294, 3, 9, 'GERADOR', 'GRUPO GERADOR, SCANIA, TURBO, NEGRINI, 315 KVA.', '728336', 'SCANIA', '1', '1', '0.00', '25000.00', NULL, '15429328035bf7494350478.jpg', '2018-11-22 18:26:44', '2019-07-03 12:36:32'),
(296, 3, 8, 'TANQUE', '01 TANQUE 2000 LITROS JACTO COM BOMBA.', '728203', 'JACTO', '1', '1', '0.00', '2000.00', NULL, '15429332205bf74ae4de28e.jpg', '2018-11-22 18:33:42', '2019-06-27 09:42:54'),
(297, 3, 9, 'FERRAMENTAS', '01 PAINEL DE FERRAMENTAS.', '728369', 'S/M', '1', '1', '0.00', '1065.00', NULL, '15429342225bf74ece4f392.jpg', '2018-11-22 18:50:23', '2019-07-03 12:34:17'),
(299, 3, 16, 'EPI', 'LOTE COM EPI NOVOS, CANELEIRAS, PORTA PODAO, LUVAS, ÓCULOS, PROTETOR OURICULAR, BONÉS ÁRABES, PORTA LIMA, CAPACETES, AVENTAL DE RASPA .', '728586', 'S/M', '1', '1', '0.00', '2003.00', NULL, '15429713475bf7dfd3abcbd.jpg', '2018-11-23 05:09:08', '2019-07-04 17:06:46'),
(300, 3, 16, 'PEÇAS', 'ARMARIO DE AÇO 2 PORTAS CONTENDO, PEÇAS ELETRICAS E BATERIAS INDUSTRIAL.', '728593', 'S/M', '1', '1', '0.00', '925.00', NULL, '15429716365bf7e0f4f2b9c.jpg', '2018-11-23 05:13:58', '2019-07-04 17:05:10'),
(316, 3, 9, 'FORRAGEIRA', '01 FORRAGEIRA DE PICAR CANA.', '728322', 'S/M', '1', '1', '0.00', '1884.00', NULL, '15429768745bf7f56a98dde.jpg', '2018-11-23 06:41:15', '2019-07-05 08:33:45'),
(317, 3, 18, 'COZINHA INDUSTRIAL COMPLETA', 'COZINHA INDUSTRIAL COMPLETA CONTENDO, 02 CAFETEIRAS, 04 PANELAS FIXAS A VAPOR E GÁS, FOGÃO 6 BOCAS, 01 FRITADEIRA, 01 LIQUIDIFICADOR, 01 DESCASCADOR DE BATATAS, 01 MODELADOR DE LEGUMES, 01 AQUECEDOR DE AGUA, 03 COIFAS INOX.', '728411', 'S/M', '1', '1', '0.00', '16775.00', NULL, '15430079725bf86ee437816.jpg', '2018-11-23 15:19:33', '2019-07-04 16:42:39'),
(318, 3, 18, 'PADARIA', 'PADARIA COMPLETA CONTENDO, 03 ARMÁRIOS ESTUFAS, 01 BATEDOR DE MASSAS, 01 CILINDRO ELÉTRICO, 01 MESA INOX, 01 FORNO DE ASSAR COM MOTOR, 01 MESA PARA CILINDRO, 01 PIA INOX.', '728448', 'S/M', '1', '1', '0.00', '4455.00', NULL, '15430081875bf86fbb632c6.jpg', '2018-11-23 15:23:08', '2019-07-04 16:41:27'),
(319, 3, 18, 'AÇOUGUE', 'AÇOUGUE COMPLETO, CONTENDO, 01 PIA INOX, 01 SERRA FITA METISA, 01 MESA INOX, 20 GANCHOS, 2 CHAPAS TECNIL, 01 VENTILADOR, 20 BALDES 50L PARA BANHA, 03 CUBAS DE TECNIL, 02 CAIXAS BRANCAS PARA CARNE, BALANÇA DE CHÃO 100KG.', '728465', 'S/M', '1', '1', '0.00', '2753.00', NULL, '15430085165bf87104f3e01.jpg', '2018-11-23 15:28:37', '2019-07-04 16:40:13'),
(320, 3, 18, 'FREEZER', 'LOTE COM 02 FREEZER 400L.', '728434', 'S/M', '1', '1', '0.00', '1480.00', NULL, '15430086525bf8718c9c5f9.jpg', '2018-11-23 15:30:53', '2019-07-04 16:38:46'),
(321, 3, 18, 'CAMARA FRIA', '01 CAMARA PARA CARNES, 01 CAMARA PARA FRIOS, 01 CAMARA PARA LEGUMES.', '728492', 'S/M', '1', '1', '0.00', '0.00', NULL, '15430089165bf87294708ce.jpg', '2018-11-23 15:33:37', '2018-11-23 15:35:17'),
(322, 3, 18, 'LAVA JATO', '01 MAQUINA LAVA JATO DE PRESSÃO, JACTO, MAQUINA DE CORTAR GRAMA.', '728127', 'JACTO', '1', '1', '0.00', '407.00', NULL, '15430090955bf87347579af.jpg', '2018-11-23 15:38:16', '2019-07-04 16:37:58'),
(323, 3, 18, 'DEPOSITO', 'LOTE COM 285 BANDEJAS INOX PARA REFEIÇÃO, CUBAS INOX.', '728480', 'S/M', '1', '1', '0.00', '10545.00', NULL, '15430094075bf8747f44e25.jpg', '2018-11-23 15:43:28', '2019-07-04 16:36:49'),
(324, 3, 18, 'BANCO E MESA', 'LOTE COM 20 MESAS, 40  BANCOS AZUL DE MADEIRA MACIÇA.', '728487', 'S/M', '1', '1', '0.00', '4260.00', NULL, '15430097095bf875ad552af.jpg', '2018-11-23 15:48:30', '2019-07-04 16:27:46'),
(326, 3, 18, 'VENTILADOR', 'LOTE COM 09 VENTILADOR DE PAREDE.', '728413', 'S/M', '1', '1', '0.00', '949.00', NULL, '15430099485bf8769cdc198.jpg', '2018-11-23 15:52:30', '2019-07-04 16:26:27'),
(327, 3, 18, 'PRATELEIRA', 'LOTE COM 03 PRATELEIRA INOX.', '728493', 'S/M', '1', '1', '0.00', '1650.00', NULL, '15430101015bf87735cc41d.jpg', '2018-11-23 15:55:03', '2019-07-04 16:24:15'),
(329, 3, 18, 'BACIA PLASTICO', 'LOTE COM 06 BACIAS DE PLÁSTICO, BRANCA, GRANDE COM TAMPA PARA SALADA.', '728474', 'S/M', '1', '1', '0.00', '267.00', NULL, '15430103425bf8782653af3.jpg', '2018-11-23 15:59:03', '2019-07-04 16:23:27'),
(330, 3, 18, 'CAIXA TERMICA', 'LOTE COM 15 CAIXA TÉRMICA AZUL.', '728441', 'S/M', '1', '1', '0.00', '1665.00', NULL, '15430104335bf87881ce880.jpg', '2018-11-23 16:00:35', '2019-07-04 16:22:32'),
(331, 3, 18, 'PANELA', 'LOTE COM 13 PANELAS DE ALUMÍNIO GRANDE.', '728439', 'S/M', '1', '1', '0.00', '1443.00', NULL, '15430105415bf878ed73c2d.jpg', '2018-11-23 16:02:22', '2019-07-04 16:21:42'),
(332, 3, 18, 'MESA ', 'LOTE COM 04 MESA INOX.', '728405', 'S/M', '1', '1', '0.00', '1650.00', NULL, '15430106715bf8796ff1a6f.jpg', '2018-11-23 16:04:33', '2019-07-04 16:20:29'),
(333, 3, 18, 'CAVALETE', '01 CAVALETE PARA PENDURAR ANIMAL.', '728407', 'S/M', '1', '1', '0.00', '460.00', NULL, '15430107855bf879e1dae03.jpg', '2018-11-23 16:06:26', '2019-07-04 16:19:28'),
(347, 3, 17, 'LABORATORIO DE ANALISE COMPLETO', 'LABORATÓRIO COMPLETO, JG P/ ANALISE DE VINHANÇA, APARELHO P/ ANALISE DE CANA, MICROSCÓPIO, ESTUFAS, BALANÇAS, AGITADOR, SACARÍMETROS, SECADOR DE BAGAÇO, MICRO DESTILADOR, CENTRIFUGAS, VIDROS, REFRATOR, FILTROS DE AGUA, CONDUTILÍMETRO, TERMÔMETRO E MOVEIS DE LABORATÓRIO.', '728414', 'S/M', '1', '1', '0.00', '7862.00', NULL, '15430128705bf88206c3763.jpg', '2018-11-23 16:41:11', '2019-07-30 10:49:56'),
(349, 3, 14, 'MOVEIS', '01 ESTANTE DE MADEIRA.', '728379', 'S/M', '1', '1', '0.00', '1364.00', NULL, '15430141185bf886e6ce772.jpg', '2018-11-23 17:01:59', '2019-07-04 16:49:49'),
(350, 3, 14, 'MOVEIS', 'LOTE COM 01 MESA DE MADEIRA 1X5M, 10 CADEIRA DE MADEIRA, 01 VENTILADOR DE TETO COM LUMINARIA.', '728377', 'S/M', '1', '1', '0.00', '2396.00', NULL, '15430142805bf8878801f8c.jpg', '2018-11-23 17:04:41', '2019-07-04 16:48:38'),
(352, 3, 14, 'AR', '05 12.000 BTU, 07 DE PAREDE. ( 05 SPLIT NA CASA SEDE, 07 DE JANELA NO ALOJAMENTO).', '728288', 'AR CONDICIONADO', '1', '1', '0.00', '6026.00', NULL, '15430145885bf888bc58990.jpg', '2018-11-23 17:09:49', '2019-08-07 08:28:38'),
(353, 3, 14, 'MOVEIS', '01 BI CAMA AGLOMERADO, 04 CAMA DE SOLTEIRO MADEIRA,02 CAMA DE CASAL MADEIRA MACIÇA, 02 ARMÁRIO SUSPENSO DE MADEIRA, 01 ARMÁRIO COM 4/GAV.', '728332', 'S/M', '1', '1', '0.00', '1352.00', NULL, '15430147185bf8893f008d0.jpg', '2018-11-23 17:12:00', '2019-08-07 08:48:37'),
(496, 3, 22, 'BARRACÃO', '01 BARRACÃO DE ESTRUTURA METÁLICA  25X10M, MONTADO COM TELHAS GALVANIZADAS.', '729015', 'BARRACÃO', '1', '1', '0.00', '19212.00', '', '15653686665d4da15a9600a.jpg', '2019-08-09 11:37:48', '2019-08-09 11:37:48'),
(497, 3, 22, 'BARRACÃO', '01 BARRACÃO DE ESTRUTURA METÁLICA  25X7M, MONTADO COM TELHAS GALVANIZADAS.', '729065', 'BARRACÃO', '1', '1', '0.00', '13450.00', '', 'img_path.png', '2019-08-09 11:40:14', '2019-08-09 11:40:14'),
(357, 3, 14, 'MOVEIS', 'LOTE COM 01 FOGÃO INDUSTRIAL 4 BOCAS COM 2 BOTIJÕES P13, 01 ARMÁRIO DE MADEIRA 4P, 4G.', '728286', 'S/M', '1', '1', '0.00', '925.00', NULL, '15430154625bf88c26ae20c.jpg', '2018-11-23 17:24:23', '2019-07-04 16:47:41'),
(478, 3, 20, 'AR CONDICIONADO', '04 AR SPLIT, 03 DE JANELA, ESCRITÓRIO ', '728897', 'AR CONDICIONADO', '1', '1', '0.00', '3864.00', NULL, 'img_path.png', '2019-07-30 10:14:15', '2019-08-07 08:34:46'),
(479, 3, 17, 'AR CONDICIONADO', '02 AR SPLIT, 04 AR DE JANELA. ( 02 SPLIT LABORATÓRIO, 01 DE JANELA LABORATÓRIO, 01 DE JANELA ALMOXARIFADO, 01 JANELA BALANÇA, 01 DE JANELA GER. LABORATÓRIO).', '728370', 'AR CONDICIONADO', '1', '1', '0.00', '2852.00', NULL, 'img_path.png', '2019-07-30 10:18:58', '2019-08-07 08:31:29'),
(498, 3, 22, 'BARRACÃO', '01 BARRACÃO DE ESTRUTURA METÁLICA  20X7M, MONTADO COM TELHAS GALVANIZADAS.', '729017', 'BARRACÃO', '1', '1', '0.00', '10760.00', '', '15653689055d4da249b9c45.jpg', '2019-08-09 11:41:46', '2019-08-09 11:41:46'),
(364, 3, 19, 'MOVEIS', 'ALOJAMENTO 07, 18 CAMA DE SOLTEIRO, 02 BELICHE MADEIRA.', '728803', 'S/M', '1', '1', '0.00', '2054.00', NULL, '15651104015d49b081a5fca.jpg', '2018-11-23 17:53:03', '2019-08-07 08:50:47'),
(489, 3, 20, 'CADEIRAS', '18 CADEIRAS DE ESCRITÓRIO. ', '728831', 'CADEIRA', '1', '1', '0.00', '901.00', NULL, 'img_path.png', '2019-08-07 07:36:22', '2019-08-07 09:06:19'),
(490, 3, 20, 'MESA MADEIRA ', '01 MESA MADEIRA MACIÇA C/ FÓRMICA EM CIMA, 02 ESCRIVANINHA TIPO RACK MADEIRA MACIÇA, 01 MESA REDONDA MADEIRA MACIÇA.', '728886', 'MESA MADEIRA', '1', '1', '0.00', '2530.00', NULL, 'img_path.png', '2019-08-07 07:39:51', '2019-08-07 09:11:29'),
(372, 3, 19, 'APARELHO MUSCULAÇÃO', '01 APARELHO DE MUSCULAÇÃO.', '728464', 'S/M', '1', '1', '0.00', '440.00', NULL, '15430196705bf89c967bbe0.jpg', '2018-11-23 18:34:31', '2019-08-07 08:54:49'),
(491, 3, 20, 'ESCRIVANINHA LAQUEADA TIPO FORMICA', '10 ESCRIVANINHA LAQUEADA E TIPO FÓRMICA.', '728810', 'ESCRIVANINHA', '1', '1', '0.00', '1502.00', NULL, 'img_path.png', '2019-08-07 07:41:18', '2019-08-07 09:15:07'),
(492, 3, 20, 'IMPRESSORAS', '04 IMPRESSORAS E 02 SCANER.', '728815', 'IMPRESSORA', '1', '1', '0.00', '1218.00', NULL, 'img_path.png', '2019-08-07 07:43:06', '2019-08-07 09:19:53'),
(493, 3, 20, 'CILINDRO DE NITROGENIO', '01 CILINDRO DE NITROGÊNIO PARA INSEMINAÇÃO.', '728875', 'CILINDRO NITROGENIO', '1', '1', '0.00', '3082.00', NULL, '15651820845d4ac884bb87a.jpg', '2019-08-07 07:48:05', '2019-08-07 09:24:34'),
(494, 3, 20, 'NOBLEAK', '01 NOBREAK CENTRAL, VÁRIOS PEQUENOS.', '728869', 'NOBREAK', '1', '1', '0.00', '9919.00', NULL, '15651822005d4ac8f87ab50.jpg', '2019-08-07 07:50:00', '2019-08-07 09:27:26'),
(375, 3, 9, 'EQUIPAMENTOS', '01 TEODOLITO.', '728418', 'ZISS', '1', '1', '0.00', '2576.00', NULL, '15430629825bf945c6e1a26.jpg', '2018-11-24 06:36:23', '2019-07-03 12:35:29'),
(488, 3, 19, 'TV LED', '01 TV LED 29 POLEGADAS, 04 TV TUBO, 04 RECEPTORES DE PARABÓLICAS.', '728878', 'TV', '1', '1', '0.00', '518.00', NULL, 'img_path.png', '2019-08-07 07:34:37', '2019-08-07 10:06:03'),
(379, 3, 18, 'EQUIPAMENTO', '01 CALDEIRA, GERADORA DE VAPOR PARA COZINHA, IMA.', '728497', 'IMA', '1', '1', '0.00', '25900.00', NULL, '15430645635bf94bf31ab7b.jpg', '2018-11-24 07:02:43', '2019-07-04 16:18:17'),
(495, 3, 6, 'TRATOR', '01 MOTO CANA MF 290, MOTOR FUNDIDO ESTÁ EM CHAPADA DOS GUIMARÃES.', '728809', 'MOTO CANA MF', '1', '1', '0.00', '11700.00', NULL, '15653684305d4da06ec6424.jpg', '2019-08-09 11:33:52', '2019-08-09 11:48:59'),
(383, 3, 20, 'AMBULATORIO COMPLETO', 'AMBULATÓRIO COMPLETO CONTENDO, 01 EQUIPAMENTO DE ESTERILIZAÇÃO, 01 MACA, 01 ARMÁRIO DE AÇO PARA MEDICAMENTOS, 01 MESA DE RODINHA PARA TRANSP. DE MEDICAMENTO, 01 ESCADINHA, 01 ESCRIVANINHA, 01 CADEIRA DE PALHA, BALDES INOX PARA DESCARTE DE PRODUTOS DESCARTÁVEIS, LIXEIRAS, BANDEJA DE INOX, PORTA COPO PARA MEDICAMENTO, APOIADOR DE BRAÇO, SUPORTE PARA SORO, 01 ARMÁRIO DE AÇO C 1 GAV, 01 MEDIDOR DE PRESSÃO, JG DE PINÇAS, 01 KIT PRIMEIROS SOCORROS.', '728811', 'S/M', '1', '1', '0.00', '1757.00', NULL, '15651107725d49b1f4068f1.jpg', '2018-11-24 07:23:20', '2019-08-06 11:59:32'),
(486, 3, 20, 'ARMARIO AÇO', '11 ARMÁRIOS DE AÇO, 05 FICHÁRIOS DE AÇO, MESINHAS DE AÇO.', '728880', 'ARMARIO', '1', '1', '0.00', '1480.00', NULL, '15651807675d4ac35f3605a.jpg', '2019-08-07 07:26:07', '2019-08-07 09:32:55'),
(487, 3, 20, 'MONITOR LED', '06 MONITOR LED, 06 CPU.', '728841', 'MONITOR', '1', '1', '0.00', '1352.00', NULL, 'img_path.png', '2019-08-07 07:29:44', '2019-08-07 09:40:12'),
(386, 3, 8, 'JULIETA', 'JULIETA, SERGOMEL, ANO 2003.', '728266', 'SERGOMEL', '1', '1', '0.00', '12947.00', NULL, '15430679885bf9595440689.jpg', '2018-11-24 07:59:49', '2019-01-08 07:43:18'),
(388, 3, 8, 'JULIETA', 'JULIETA, SERGOMEL, ANO 1986.', '728235', 'SERGOMEL', '1', '1', '0.00', '12947.00', NULL, '15430686035bf95bbb56f40.jpg', '2018-11-24 08:10:04', '2019-05-02 16:27:59'),
(389, 3, 8, 'JULIETA', 'JULEITA, FNV FRUEHAUF, ANO 1986, PLACA CXQ-5042.', '728436', 'FRUEHAUF', '1', '1', '0.00', '9476.00', NULL, '15430687825bf95c6ebbd15.jpg', '2018-11-24 08:13:04', '2019-01-08 07:46:10'),
(390, 3, 8, 'JULIETA', 'JULIETA/ RODOVIÁRIA, ANO 1988, PLACA COG-0106.', '728289', 'RODOVIARIA', '1', '1', '0.00', '9476.00', NULL, '15430689365bf95d0887e31.jpg', '2018-11-24 08:15:37', '2019-05-02 16:18:09'),
(391, 3, 8, 'JULIETA', 'JULIETA.', '728216', 'S/M', '1', '1', '0.00', '9476.00', NULL, '15430690875bf95d9f20b20.jpg', '2018-11-24 08:18:07', '2019-01-08 07:50:12'),
(392, 3, 8, 'JULIETA', 'JULIETA.', '728268', 'RODOVIARIA', '1', '1', '0.00', '9957.00', NULL, '15430692075bf95e17cd399.jpg', '2018-11-24 08:20:09', '2019-05-02 16:24:42'),
(396, 3, 8, 'TERRACIADOR', '01 TERRACIADOR 10 DISCOS.', '728281', 'S/M', '1', '1', '0.00', '2400.00', NULL, '15430701865bf961eab0b7b.jpg', '2018-11-24 08:36:28', '2019-06-27 09:37:31'),
(397, 3, 8, 'RASTEL', '01 ANCINHO PARA CATAR RAIZES.', '728231', 'S/M', '1', '1', '0.00', '1200.00', NULL, '15430703545bf96292ec5e6.jpg', '2018-11-24 08:39:15', '2019-06-27 09:38:09'),
(398, 3, 9, 'TANQUE', '01 TANQUE PIPA, COM BOMBA.', '728249', 'S/M', '1', '1', '0.00', '1000.00', NULL, '15430731085bf96d54f1bed.jpg', '2018-11-24 09:25:09', '2019-07-03 12:33:11'),
(399, 3, 8, 'EMLEIRADOR', '01 ANCINHO EMLEIRADOR PARA TRATOR DE ESTEIRA,', '728263', 'S/M', '1', '1', '0.00', '5400.00', NULL, '15430732465bf96dde92461.jpg', '2018-11-24 09:27:27', '2019-06-27 09:38:57'),
(400, 3, 8, 'ENLEIRADOR', '01 ANCINHO ENLEIRADOR PARA TRATOR DE ESTEIRA.', '728240', 'S/M', '1', '1', '0.00', '5400.00', NULL, '15430733585bf96e4e5e16c.jpg', '2018-11-24 09:29:19', '2019-06-27 09:39:29'),
(401, 3, 2, 'TRATOR', '01 TRATOR CBT8440, 4X2.', '728236', 'CBT', '0', '1', '0.00', '18525.00', NULL, '15430734765bf96ec4179b3.jpg', '2018-11-24 09:31:17', '2019-06-18 09:52:19'),
(402, 3, 7, 'ONIBUS', 'ONIBUS MB1113, 1980, 145CV, PLACA JYH-8789.', '728196', 'MB', '0', '1', '0.00', '22950.00', NULL, '15430736485bf96f70b0339.jpg', '2018-11-24 09:34:09', '2019-07-05 08:45:16'),
(404, 3, 16, 'PEÇAS', 'PRATELEIRA 04, ROLAMENTOS, BRAÇADEIRAS, REBITES, MANCAIS, ESPANÇORES, VALVULAS, MANOMETRO.', '728598', 'S/M', '1', '1', '0.00', '2289.00', NULL, '15430745245bf972dc8ec25.jpg', '2018-11-24 09:48:45', '2019-07-04 17:04:12'),
(405, 3, 9, 'CARROCERIA', '01 CARROCERIA DE MADEIRA PARA CAMINHAO 3/4.', '728499', 'S/M', '1', '1', '0.00', '3025.00', NULL, '15430747015bf9738d3f677.jpg', '2018-11-24 09:51:42', '2019-07-03 12:32:42'),
(406, 3, 9, 'BARCO', '01 BARCO DE ALUMINIO, 5.5M.', '728416', 'S/M', '1', '1', '0.00', '1665.00', NULL, '15430748345bf97412e148a.jpg', '2018-11-24 09:53:56', '2019-07-04 16:55:38'),
(407, 3, 9, 'BARCO', '01 BARCO DE 6M DE ALUMINIO.', '728472', 'S/M', '1', '1', '0.00', '1665.00', NULL, '15430749255bf9746d68532.jpg', '2018-11-24 09:55:26', '2019-07-04 16:53:09'),
(408, 3, 9, 'BOMBA', 'LOTE COM 11 BOMBAS CENTRIFUGAS.', '728489', 'S/M', '0', '1', '0.00', '4792.00', NULL, '15430751645bf9755cf3d08.jpg', '2018-11-24 09:59:26', '2019-07-04 16:52:26'),
(409, 3, 16, 'GUILHOTINA', '01 MESA COM GUILHOTINA, 02 MORÇA.', '728445', 'S/M', '1', '1', '0.00', '454.00', NULL, '15430752875bf975d7374ca.jpg', '2018-11-24 10:01:28', '2019-07-04 17:03:34'),
(410, 3, 16, 'MOTOR', '01 MOTOR MB, 352 ASPIRADO.', '728460', 'S/M', '1', '1', '0.00', '3000.00', NULL, '15430754045bf9764cad019.jpg', '2018-11-24 10:03:25', '2019-07-04 17:02:58'),
(411, 3, 22, 'MOVEIS', '08 MESAS DE MADEIRA, 18 BANCOS DE MADEIRA, 03 BANCOS DE MADEIRA SEM PINTURA.', '728423', 'S/M', '1', '1', '0.00', '5550.00', NULL, '15430756195bf97723c7b3a.jpg', '2018-11-24 10:07:00', '2019-07-30 10:28:38'),
(412, 3, 9, 'CARRETA ', '01 CARRETA COM 02 RODAS PARA TRATOR.', '728246', 'S/M', '1', '1', '0.00', '504.00', NULL, '15430758125bf977e4a79fd.jpg', '2018-11-24 10:10:13', '2019-07-04 16:51:20'),
(414, 4, 20, 'MOVEIS', '01 ESTANTE  DE MADEIRA GRANDE, ESCRIVANINHA TIPO L DE MADEIRA DIRETORIA COM TAMPO DE MÁRMORE E 6/GAV, 03 CADEIRAS CINZA, 01 CADEIRA COM RODAS CINZA.', '728533', 'S/M', '1', '1', '0.00', '0.00', NULL, '15430781875bf9812b7800d.jpg', '2018-11-24 10:48:40', '2019-08-05 10:36:44'),
(480, 4, 20, 'MOVEIS', '06 CADEIRAS AZUL E PRETA, ESCRIVANINHA COM BALCÃO PRETO, MADEIRA.', '728857', 'MOVEIS', '1', '1', '0.00', '0.00', '', 'img_path.png', '2019-08-06 09:58:17', '2019-08-06 09:58:17'),
(417, 4, 20, 'MOVEIS', '07 CADEIRAS cinza.', '728532', 'S/M', '1', '1', '0.00', '0.00', NULL, '15430784595bf9823b177a4.jpg', '2018-11-24 10:54:20', '2019-08-06 09:55:09'),
(419, 4, 20, 'AR', '08 AR DE JANELA, 03 AR SPLIT, SENDO 30.000 BTUS, 12000 BTUS.', '728551', 'S/M', '1', '1', '0.00', '0.00', NULL, '15430787105bf9833667b36.jpg', '2018-11-24 10:58:31', '2019-08-06 10:38:39'),
(481, 4, 20, 'MOVEIS', '12 ESTANTES DE AÇO.', '728847', 'ESTANTE', '1', '1', '0.00', '0.00', '', 'img_path.png', '2019-08-06 10:01:59', '2019-08-06 10:01:59'),
(482, 4, 20, 'ARMARIO AÇO', '13 ARMÁRIO DE AÇO.', '728829', 'ARMARIO', '1', '1', '0.00', '0.00', '', 'img_path.png', '2019-08-06 10:03:30', '2019-08-06 10:03:30'),
(483, 4, 20, 'DEPARTAMENTO COMPRAS', 'TODAS AS CADEIRAS DE PALHA,  14 MESAS P/ COMPUTADOR, ARMÁRIOS DE MADEIRA, MESA L E ESTANTE LAQUEADA. ( DEPARTAMENTO COMPRAS).', '728824', 'MOVEIS', '1', '1', '0.00', '0.00', NULL, '15651045365d49999821e05.jpg', '2019-08-06 10:09:37', '2019-08-06 10:15:36'),
(429, 4, 20, 'MOVEIS', '01 MESA DE MADEIRA COM TAMPO DE VIDRO GRANDE.', '728830', 'S/M', '1', '1', '0.00', '0.00', NULL, '15651053295d499cb1b61d1.jpg', '2018-11-24 11:26:54', '2019-08-06 10:28:49'),
(485, 4, 20, 'CADEIRAS', '13 CADEIRAS, 02 LONGARINA TÉRREO.', '728889', 'MOVEIS', '1', '1', '0.00', '0.00', '', 'img_path.png', '2019-08-06 10:31:51', '2019-08-06 10:31:51'),
(431, 4, 20, 'MOVEIS', '08 ARQUIVOS DE AÇO 4GAV, 3 ESTANTE 6 PRATELEIRAS, 01 ARMARIO DE AÇO DE 2P, 05 ESCRIVANIA COM 3GAV, 01 ARQUIVO DE MADEIRA SEM PORTA, 01 ARMARIO LAQUEADO 4P, 01 FRIGOBAR CONSUL, 03 ESCRIVANIA LAQUEADA PEQUENA, 02 IMPRESSORA HP, 04 PORTA IMPRESSORA, 02 CPU, 03 MONITOR TUBO, 01 CALCULADORA SHARP, 04 NOBREAK, 01 MAQUINA DE ESCREVER, 01 ARMARIO DE MADEIRA 2GAV.', '728554', 'S/M', '1', '1', '0.00', '0.00', '', '15430808005bf98b604d24d.jpg', '2018-11-24 11:33:21', '2018-11-24 11:33:21'),
(435, 4, 20, 'MOVEIS', '01 NOBREAK, 01 CENTRAL DE INTERNET, 01 ESCRIVANIA.', '728553', 'S/M', '1', '1', '0.00', '0.00', '', '15430813455bf98d815e5ce.jpg', '2018-11-24 11:42:26', '2018-11-24 11:42:26'),
(436, 4, 20, 'MOVEIS', '08 PRATELEIRAS DE MADEIRA, 02 BALCÃO DE MADEIRA.', '728853', 'S/M', '1', '1', '0.00', '900.00', NULL, '15651060565d499f8843cd5.jpg', '2018-11-24 11:59:28', '2019-08-07 09:49:28'),
(437, 4, 7, 'TOYOTA', '01 TOYOTA BANDEIRANTE, SEM CAIXA, SEM DIFERENCIAL, SEM PNEU.', '728521', 'TOYOTA', '0', '1', '0.00', '2500.00', NULL, '15430824925bf991fc6e299.jpg', '2018-11-24 12:01:33', '2019-01-08 05:11:15'),
(439, 4, 9, 'TANQUE', '01 TANQUE PARA CAMINHAO, 10000L.', '728527', 'S/M', '0', '1', '0.00', '1400.00', NULL, '15430826895bf992c1184b3.jpg', '2018-11-24 12:04:50', '2019-07-03 11:37:46'),
(440, 4, 9, 'BOMBA', '01 BOMBA DE LAVA JATO GRANTEC.', '728517', 'GRANTEC', '1', '1', '0.00', '1440.00', NULL, '15430827885bf99324d92ad.jpg', '2018-11-24 12:06:29', '2019-07-03 11:38:55'),
(441, 4, 9, 'COMPRESSOR', '01 COMPRESSOR DE AR, 02 CABEÇOTE, CHIAPERINI COM MOTOR.', '728508', 'CHIAPERINI', '1', '1', '0.00', '2664.00', NULL, '15430828815bf9938191ba8.jpg', '2018-11-24 12:08:03', '2019-07-03 11:40:03'),
(442, 4, 9, 'APARELHO', '01 APARELHO DE SOLDA MIG, COM CILINDRO DE GAS.', '728506', 'S/M', '1', '1', '0.00', '2159.00', NULL, '15430829815bf993e5a8951.jpg', '2018-11-24 12:09:42', '2019-07-03 11:40:57'),
(443, 4, 9, 'APARELHO', '01 CONJUNTO DE SOLDA OXIGENIO E ACETILENO, COM 2 CILINDROS.', '728531', 'S/M', '1', '1', '0.00', '1591.00', NULL, '15430830775bf994450c39b.jpg', '2018-11-24 12:11:18', '2019-07-03 11:42:06'),
(444, 4, 9, 'BOMBA', '01 CILINDRO DE GÁS ACETILENO.', '728571', 'S/M', '1', '1', '0.00', '1023.00', NULL, '15430831495bf9948de49a1.jpg', '2018-11-24 12:12:31', '2019-07-03 11:42:44'),
(445, 4, 9, 'PRENSA', '01 PRENSA DE 100T, MARCA SIWA.', '728563', 'SIWA', '1', '1', '0.00', '5627.00', NULL, '15430832365bf994e4a1512.jpg', '2018-11-24 12:13:57', '2019-07-03 11:43:23'),
(446, 4, 9, 'CAIXA DE AGUA', '02 CAIXA DE AGUA DE FIBRA, 2000L E 5000L.', '728519', 'S/M', '1', '1', '0.00', '1198.00', NULL, '15430833225bf9953acc9c7.jpg', '2018-11-24 12:15:23', '2019-07-03 11:43:59'),
(447, 4, 9, 'PONTE', '01 PONTE PARA LEVANTAMENTO DE PESOS.', '728535', 'S/M', '1', '1', '0.00', '920.00', NULL, '15430834165bf9959896b77.jpg', '2018-11-24 12:16:57', '2019-07-03 11:44:31'),
(448, 4, 7, 'VEICULOS', '01 CAMINHÃO VW, TRUK TRAÇADO, COM PIPA,  ESSE CAMINHÃO ERA UM DODGE  FOI COLOCADO CABINE VW.', '728549', 'VW/ DODGE', '0', '1', '0.00', '8000.00', NULL, '15430835215bf996011a1cc.jpg', '2018-11-24 12:18:42', '2019-06-18 10:34:54'),
(449, 4, 9, 'POLICORTE', '01 APARELHO DE POLICORTE COM MOTOR.', '728509', 'S/M', '1', '1', '0.00', '555.00', NULL, '15430836195bf9966366de0.jpg', '2018-11-24 12:20:20', '2019-07-03 11:45:01'),
(450, 4, 2, 'TRATOR', '01 TRATOR MF, 275 COM CARREGADOR DE CANA.', '728570', 'MF', '0', '1', '0.00', '16387.00', NULL, '15430842485bf998d8e3a53.jpg', '2018-11-24 12:30:49', '2019-06-18 09:51:12'),
(451, 4, 7, 'CARRETA', '01 CARRETA, 03 EIXO NO CHASSI.', '728590', 'S/M', '1', '1', '0.00', '7000.00', NULL, '15430847285bf99ab8b863b.jpg', '2018-11-24 12:38:48', '2019-01-08 05:17:36'),
(452, 4, 7, 'CAMINHAO', '01 CAMINHAO TRAÇADO CHEVROLET, SEM PNEUS, COM COMBOYO DE ABASTECIMENTO.', '728591', 'CHEVROLET', '0', '1', '0.00', '8000.00', NULL, '15430849365bf99b88edafd.jpg', '2018-11-24 12:42:18', '2019-01-08 05:19:51'),
(453, 4, 7, 'CHASSI', '01 CHASSI COM CABINE MB, 1418, SEM O TREM DE FORÇA.', '728595', 'MB', '0', '1', '0.00', '8000.00', NULL, '15430850365bf99bec36f41.jpg', '2018-11-24 12:43:57', '2019-06-18 10:09:18'),
(454, 4, 9, 'EQUIPAMENTO', '01 SERRA FITA PARA CARNE COM MOTOR.', '728565', 'S/M', '0', '1', '0.00', '453.00', NULL, '15430851265bf99c462b12c.jpg', '2018-11-24 12:45:27', '2019-07-03 11:45:39'),
(455, 4, 9, 'BOMBA', '01 BOMBA DE ABASTECIMENTO COM MARCADOR.', '728500', 'S/M', '0', '1', '0.00', '1449.00', NULL, '15430852175bf99ca1a2513.jpg', '2018-11-24 12:46:58', '2019-07-03 11:46:09'),
(456, 4, 16, 'FERRAMENTAS', '01 ARMÁRIO DE AÇO 2P COM FERRAMENTAS DIVERSAS, MACHOS PARA ROSCAS, PARAFUSADEIRA.', '728330', 'S/M', '1', '1', '0.00', '1284.00', NULL, '15430863565bf9a114554de.jpg', '2018-11-24 13:05:57', '2019-07-03 11:52:15'),
(457, 4, 16, 'PEÇAS', '01 ARMARIO DE AÇO COM MATERIAIS DE SOLDA, ELETRODOS, VARETAS DE SOLDA.', '728331', 'S/M', '1', '1', '0.00', '199.00', NULL, '15430864375bf9a165c82df.jpg', '2018-11-24 13:07:18', '2019-07-03 11:53:18'),
(458, 4, 16, 'PEÇAS', '01 PAINEL DE FERRAMENTAS, JG DE SOQUETES, CHAVE DE RODS, CUBOS, CABOS DE FORÇA.', '728369', 'S/M', '1', '1', '0.00', '1065.00', NULL, '15430865225bf9a1ba89138.jpg', '2018-11-24 13:08:43', '2019-07-03 11:53:52'),
(459, 4, 16, 'PEÇAS', 'PRATELEIRA EM L COM PEÇAS DE CAMBIO, MOTOR, COMANDOS HIDRAULICOS, JUNTAS.', '728303', 'S/M', '1', '1', '0.00', '2130.00', NULL, '15430866055bf9a20d6ed1c.jpg', '2018-11-24 13:10:06', '2019-07-03 11:54:41'),
(460, 4, 20, 'BEBEDOURO', '02 BEBEDOURO INOX,  01 FRIGOBAR.', '728846', 'S/M', '1', '1', '0.00', '851.00', NULL, '15651068345d49a2924725b.jpg', '2018-11-24 13:11:21', '2019-08-07 09:54:02'),
(461, 4, 16, 'PEÇAS', 'PRATELEIRAS COM ROLAMENTOS.', '728572', 'S/M', '1', '1', '0.00', '958.00', NULL, '15430867435bf9a297e2bd5.jpg', '2018-11-24 13:12:24', '2019-07-03 11:55:50'),
(462, 4, 16, 'PEÇAS', 'PRATELEIRAS COM RETENTORES.', '728305', 'S/M', '1', '1', '0.00', '1198.00', NULL, '15430868085bf9a2d894cc5.jpg', '2018-11-24 13:13:29', '2019-07-03 11:56:23'),
(463, 4, 16, 'PEÇAS', 'PRATELEIRAS COM PEÇAS AGRICOLAS E CAMINHOES.', '728316', 'S/M', '1', '1', '0.00', '1438.00', NULL, '15430868765bf9a31c0b7e1.jpg', '2018-11-24 13:14:36', '2019-07-03 11:57:00'),
(464, 4, 16, 'PEÇAS', 'PRATELEIRA COM MATERIAL ELETRICO VEICULAR.', '728512', 'S/M', '1', '1', '0.00', '958.00', NULL, '15430869545bf9a36a16154.jpg', '2018-11-24 13:15:55', '2019-07-03 11:57:31'),
(465, 4, 16, 'PEÇAS', '03 CAIXAS COM FERRAMENTAS.', '728321', 'S/M', '1', '1', '0.00', '920.00', NULL, '15430870465bf9a3c67877c.jpg', '2018-11-24 13:17:28', '2019-07-03 11:58:07'),
(466, 4, 16, 'PEÇAS', '01 SóTãO, COM RADIADORES, LATARIA E FERROS VELHOS.', '728395', 'S/M', '1', '1', '0.00', '925.00', NULL, '15430871305bf9a41a1fe59.jpg', '2018-11-24 13:18:51', '2019-07-30 07:49:22'),
(467, 4, 9, 'EQUIPAMENTO', '02 MOTO ESMERIL PADRÃO.', '728541', 'S/M', '1', '1', '0.00', '204.00', NULL, '15430926275bf9b993e7fb6.jpg', '2018-11-24 14:50:29', '2019-08-07 09:46:04'),
(468, 4, 9, 'SERRA', '01 SERRA DE CORTAR FERRO MECANIZADA.', '728477', 'S/M', '0', '1', '0.00', '1054.00', NULL, '15430926995bf9b9db4f77b.jpg', '2018-11-24 14:51:40', '2019-07-03 11:46:46'),
(469, 4, 9, 'GUILHOTINA', '01 MESA COM GUILHOTINA, 01 MESA COM MORÇA DE AÇO.', '728562', 'S/M', '1', '1', '0.00', '740.00', NULL, '15430927855bf9ba31983d1.jpg', '2018-11-24 14:53:06', '2019-07-03 11:47:29'),
(470, 4, 9, 'BOMBA', '01 BOMBA DE AGUA 02 ESTAGIO E 01 PROPULSORA DE GRAXA.', '728555', 'S/M', '1', '1', '0.00', '777.00', NULL, '15430928905bf9ba9a0bc53.jpg', '2018-11-24 14:54:51', '2019-07-03 11:48:24'),
(471, 4, 9, 'FURADEIRA', '01 FURADEIRA DE BANCDA HELMO.', '728577', 'HELMO', '1', '1', '0.00', '703.00', NULL, '15430929635bf9bae34cfa8.jpg', '2018-11-24 14:56:04', '2019-07-03 11:49:16'),
(472, 4, 9, 'MACACO', '02 MACACO GIRAFA.', '728476', 'S/M', '1', '1', '0.00', '1380.00', NULL, '15430930295bf9bb25c337b.jpg', '2018-11-24 14:57:11', '2019-07-03 11:51:04'),
(475, 3, 16, 'RADIOS', 'LOTES DE RADIO AMADOR.', '728443', 'S/M', '1', '1', '0.00', '1546.00', NULL, '15433185355bfd2c074f3ac.jpg', '2018-11-27 05:35:35', '2019-07-04 17:02:17'),
(476, 3, 16, 'MOTOR', '01 MOTOR ESTACIONARIO, DIESEL, YANMAR.', '728483', 'YANMAR', '1', '1', '0.00', '1230.00', NULL, '15433186445bfd2c744406a.jpg', '2018-11-27 05:37:24', '2019-07-04 17:01:43'),
(477, 3, 8, 'GRADE ARADORA', '01 GRADE ARADORA, CIVEMASA 10 DISCOS.', '728270', 'CIVEMASA', '1', '1', '0.00', '2000.00', NULL, '15433187245bfd2cc4b58dd.jpg', '2018-11-27 05:38:44', '2019-06-27 09:40:21');

-- --------------------------------------------------------

--
-- Estrutura da tabela `users`
--

CREATE TABLE `users` (
  `id` bigint(20) UNSIGNED NOT NULL,
  `companies_id` bigint(20) UNSIGNED DEFAULT NULL,
  `name` varchar(100) COLLATE utf8_unicode_ci NOT NULL,
  `email` varchar(100) COLLATE utf8_unicode_ci NOT NULL,
  `password` varchar(60) COLLATE utf8_unicode_ci NOT NULL,
  `office` varchar(100) COLLATE utf8_unicode_ci NOT NULL,
  `status` enum('0','1') COLLATE utf8_unicode_ci NOT NULL DEFAULT '1',
  `just_view` enum('0','1') COLLATE utf8_unicode_ci NOT NULL DEFAULT '0',
  `last_login` datetime DEFAULT NULL,
  `created_at` datetime NOT NULL,
  `updated_at` datetime NOT NULL
) ENGINE=MyISAM DEFAULT CHARSET=utf8 COLLATE=utf8_unicode_ci;

--
-- Extraindo dados da tabela `users`
--

INSERT INTO `users` (`id`, `companies_id`, `name`, `email`, `password`, `office`, `status`, `just_view`, `last_login`, `created_at`, `updated_at`) VALUES
(1, 1, 'Igor Batista', 'igor@engeagrobrasil.com.br', '$2y$07$vflKxJJ1ZbidtfUFMBCc0u6pvYtjTAVxN1SMzDU3vGaQ2pVQSWWYG', 'Administrador', '1', '0', '2020-01-30 16:58:28', '2018-11-09 00:00:00', '2020-01-30 16:58:28'),
(13, 3, 'Alfajud', 'alfajud@engeagrobrasil.com.br', '$2y$10$iR5sCCJkJhVjKfjVnZ3qzeKfMpVK8UjbXDWAni6TnBrGeJEvVitRC', 'Visitante', '1', '1', '2019-03-16 20:17:58', '2019-03-11 16:24:43', '2019-03-16 20:17:58'),
(12, 0, 'Maria Silva', 'mariasilva@engeagrobrasil.com.br', '$2y$10$1xcVN8HFeUg4Ra0HTeE9su7lQarxlvh91lGXL4gwS5PUnKX.V/WwG', 'Gerente', '1', '0', '2019-09-20 14:47:06', '2019-01-29 12:54:26', '2019-09-20 14:47:06'),
(11, 0, 'Amandio', 'amandio@engeagrobrasil.com.br', '$2y$10$sDURS2S9xwiKTd4XOTeu6uvCDRs8QA3yPWB6EvVRycUItVNnAPLW2', 'Gerente', '1', '0', '2019-09-20 13:34:26', '2019-01-09 04:47:23', '2019-09-20 13:34:26'),
(9, 4, 'Visitante', 'visitante@engeagrobrasil.com.br', '$2y$10$Hc3ghoH5BkD9Tre6EQmUwOYmfATmssZXuxvlu39L9QrcYAMSOhx.2', 'Visitantes', '1', '1', '2019-02-01 14:14:26', '2018-11-27 07:15:17', '2019-02-01 14:14:26'),
(14, 4, 'Alfajud 2', 'alfajud2@engeagrobrasil.com.br', '$2y$10$7v8FhUG4VSeJs5aHCO6dxui7P5J7d5SgLBLWtYi3nNt8/0fw4lVAi', 'Visitante', '1', '1', '2019-03-11 19:49:06', '2019-03-11 19:47:14', '2019-03-11 19:49:06'),
(15, 3, 'Visitante Alcopan - Poconé', 'visitante-pocone@engeagrobrasil.com.br', '$2y$10$bEmWwj2i0JOQ4x3G1pQSJ.m1VuayKhbPw3JYWi6RgllRWlUgl2ZSO', 'Visitante', '1', '1', '2019-11-25 14:16:28', '2019-04-12 08:56:34', '2019-11-25 14:16:28'),
(16, 4, 'Visitante - Alcopan VG', 'visitante-vg@engeagrobrasil.com.br', '$2y$10$YNPDLKR7lQLGl62CS51aHeOB3zMjo82dfSalb14OQSw5uP4GikpoW', 'Visitante', '1', '1', '2019-04-12 09:34:07', '2019-04-12 08:57:24', '2019-04-12 09:34:07'),
(17, 3, 'Visitante Alcopan Poconé', 'visitantepocone@engeagrobrasil.com.br', '$2y$10$IzmU0H4XhVrxWP0osRU7T.Ibgww9hbDG./jNvGNI/a0gbvHJCsAwu', 'Visitantes', '1', '1', '2020-01-30 17:12:19', '2019-09-23 15:28:06', '2020-01-30 17:12:19'),
(18, 4, 'Visitante ALCOPAN VARZEA GRANDE', 'visitantevg@engeagrobrasil.com.br', '$2y$10$1HDj3hfpn2sv6G/8lfXcRucZGYTeLU.CGwh0C9Mb2RSFoUGi8Xabq', 'Visitantes', '1', '1', '2020-01-30 17:14:34', '2019-09-23 15:30:32', '2020-01-30 17:14:34');

--
-- Indexes for dumped tables
--

--
-- Indexes for table `companies`
--
ALTER TABLE `companies`
  ADD PRIMARY KEY (`id`);

--
-- Indexes for table `groups`
--
ALTER TABLE `groups`
  ADD PRIMARY KEY (`id`);

--
-- Indexes for table `products`
--
ALTER TABLE `products`
  ADD PRIMARY KEY (`id`),
  ADD KEY `companies_id` (`companies_id`),
  ADD KEY `groups_id` (`groups_id`);

--
-- Indexes for table `users`
--
ALTER TABLE `users`
  ADD PRIMARY KEY (`id`),
  ADD KEY `companies_id` (`companies_id`);

--
-- AUTO_INCREMENT for dumped tables
--

--
-- AUTO_INCREMENT for table `companies`
--
ALTER TABLE `companies`
  MODIFY `id` bigint(20) UNSIGNED NOT NULL AUTO_INCREMENT, AUTO_INCREMENT=5;

--
-- AUTO_INCREMENT for table `groups`
--
ALTER TABLE `groups`
  MODIFY `id` int(11) UNSIGNED NOT NULL AUTO_INCREMENT, AUTO_INCREMENT=23;

--
-- AUTO_INCREMENT for table `products`
--
ALTER TABLE `products`
  MODIFY `id` bigint(20) UNSIGNED NOT NULL AUTO_INCREMENT, AUTO_INCREMENT=499;

--
-- AUTO_INCREMENT for table `users`
--
ALTER TABLE `users`
  MODIFY `id` bigint(20) UNSIGNED NOT NULL AUTO_INCREMENT, AUTO_INCREMENT=19;
COMMIT;

/*!40101 SET CHARACTER_SET_CLIENT=@OLD_CHARACTER_SET_CLIENT */;
/*!40101 SET CHARACTER_SET_RESULTS=@OLD_CHARACTER_SET_RESULTS */;
/*!40101 SET COLLATION_CONNECTION=@OLD_COLLATION_CONNECTION */;
